search_order,company_name,phone,email,address,legal_representative,registered_capital,established_date,business_scope,search_time,success
1,苏州恒瑞达家用地垫有限公司,0512-88800606,adam_lihua@yahoo.cn; yinliya@hrdmat.com,"存在""古里镇白茆工业园""‌1112和""董浜镇望贤路""两个版本",,,,,2025-07-11 15:14:22,Yes
2,东莞市景宝婴童玩具用品有限公司,0769-86861669,3004847286@qq.com,"存在新旧两个版本：‌26提到的""东莞市茶山镇塘角村水围工业区马鞍二路1号""与‌58登记的""瓦寮路13号之一1号楼101室""",,,,,2025-07-11 15:15:09,Yes
3,宁波联美工艺品有限公司,,,"""地址:浙江省宁波市奉化区萧王庙街道萧奉路398号""",代表、联系方式可,,,,2025-07-11 15:15:56,Yes
4,深圳巴迪星有限公司,13510087023,1114106052@qq.com; 2784622871@qq.com,,邮箱：11141,,,,2025-07-11 15:16:43,Yes
5,东莞大伟成记玩具有限公司,0769-86910999,info@playgochina.cn,"所有高可信度来源‌34一致指向""东莞市黄江镇黄江北三街1号""","""巫育秀""和成立",,,,2025-07-11 15:17:30,Yes
6,宁波纸器时代文化发展股份有限公司,913302006776,,有两个版本：鄞州区下应街道启明路818号3幢21号‌14和江东区宁穿路566号‌45,是王桂强‌12,,,,2025-07-11 15:18:18,Yes
7,浙江楠楠游乐设备有限公司,18358712991,15258008878@163.com,浙江楠楠游乐设备有限公司 提供儿童乐园整体解决方案的服务商,‌：操太山（法定,,,,2025-07-11 15:19:05,Yes
8,温州利幼实业有限公司,0577-66975000,2940139740@qq.com,温州利幼实业有限公司 聯絡資料,的信息会同时引用,,,,2025-07-11 15:19:52,Yes
9,温州星丁诺玩具有限公司,0577-67491209,1355138254@qq.com,发现几个关键信息点：在参考‌1里有个固定电话0577-67491209,叫叶晓斌,,,,2025-07-11 15:20:39,Yes
10,温州凯乐塑胶制造有限公司,0577-67492059,,一个是永嘉县桥下镇埠头村小京路287号‌12,是叶成权这点很明,,,,2025-07-11 15:21:27,Yes
11,浙江乐奇宝游乐设备有限公司,13588922656,cchuishi@126.com,我会优先推荐完整公开的玩具厂电话（毕竟同法人）,叶琴爱‌12,,,,2025-07-11 15:22:14,Yes
12,温州贝德玩具有限公司,0577-67491662,info@bettaplay.com,温州贝德玩具有限公司全国空白区域火爆招商,叶晓朋,,,,2025-07-11 15:23:01,Yes
13,永嘉县桥下镇浩驰之家玩具厂,0577-67491537,,"信息高度统一：所有工商注册记录都指向""永嘉县桥下镇垟塆村江滨路5号""这个地址（‌14）",‌：刘慈‌56,,,,2025-07-11 15:23:48,Yes
14,温州奥宝工贸有限公司,13587862888,573483320@qq.com,温州市龙湾区海滨街道沙角滩头路37号,为‌潘可巧‌,,,,2025-07-11 15:24:35,Yes
15,永嘉县桥下镇耀星玩具店,,,‌：浙江省温州市永嘉县桥下镇桥下村（另补充小京路5号）‌12,,,,,2025-07-11 15:25:22,Yes
16,浙江梦乐玩具有限公司,18200213699,manager@monleplay.com,有两个版本：较早资料显示在永嘉县桥下镇埠头村‌26,是黄良勇‌12,,,,2025-07-11 15:26:10,Yes
17,永浪集团有限公司,0577-67411188,yonglang5533@163.com; 790425914@qq.com; yonglang@yonglang.com,上海市奉贤区明城路1088弄7号1-2层 ‌13,,,,,2025-07-11 15:26:57,Yes
18,山东耐成建材有限公司,18865933669,836109166@qq.com; 1817468460@qq.com,发现公司有两个主要办公地点：济南总部在历山北路黄台电子产业园1601室‌12,‌16,,,,2025-07-11 15:27:44,Yes
19,山东省临沂市启慧星玩具厂,0539-8416345,30@qq.com; 562933930@qq.com,是临沂市兰山区响河屯村2047号,,,,,2025-07-11 15:28:31,Yes
20,温州特力游乐设备有限公司,17508888884(99,48@qq.com,"但实际处理时发现一个关键矛盾：搜索结果中并没有直接名为""温州特力游乐设备有限公司""的企业记录^[1-24]^",存在关联——叶时,,,,2025-07-11 15:29:19,Yes
21,北京崇宝欧美科贸有限公司,010-83527962,jia789.coo@163.com,的结果都指向北京市西城区广安门南街36号天缘公寓A座2503室‌12,代表为“王龙统”,,,,2025-07-11 15:30:06,Yes
22,广东我萌信息科技有限公司,461597168,461597168@qq.com,广州市海珠区革新路新民八街36号自编4号自编6号(大阪仓码头房号)再自编二期02号之05号(仅限办公用途),,,,,2025-07-11 15:30:53,Yes
23,青岛天顺成电子科技有限公司,15192791978,tianshuncheng2008@163.com,冲突时以多个高可信度来源一致的黑龙江路2688号为准,,,,,2025-07-11 15:31:40,Yes
24,东莞启思玩具礼品有限公司,0769-8736,yinglou@kathaytoy.com,"所有来源都指向""广东省东莞市清溪镇启思路1号""‌12",是陈真真,,,,2025-07-11 15:32:27,Yes
25,东莞星月实业有限公司,0769-86836189-8093,763537388@qq.com,信息在多个高可信度来源中一致：东莞市常平镇田尾管理区‌12,代表分别标注,,,,2025-07-11 15:33:15,Yes
26,东莞龙昌玩具有限公司,0769-86836266,zhenyuanliang@lungcheong.com; kenneth@lungcheong.com; 9182@qq.com,先看高可信来源：‌1显示公司地址在“广东省东莞市常平镇常黄路桥沥管理区龙昌工业城”,,,,,2025-07-11 15:34:02,Yes
27,义乌市维罗妮卡玩具有限公司,17857912384,2742752608@qq.com; 422@qq.com,"发现一个重要线索：‌1显示这家公司曾用名就是""义乌市维罗妮卡玩具有限公司""",黄剑,,,,2025-07-11 15:34:49,Yes
28,深圳市世宝动漫科技有限公司,,jun@saipotoys.com,"首先注意到可信度""非常高""的‌1明确给出地址：深圳市福田区沙头街道石厦北新天世纪商务中心B4109",,,,,2025-07-11 15:35:36,Yes
29,宜美吉教育软件（上海）有限公司,021-31300991,xlf168866@163.com,‌：上海市奉贤区奉城镇南奉公路686号4幢‌14,,,,,2025-07-11 15:36:23,Yes
30,深圳市启明创新科技开发有限公司,0755-28480572,service@qmcx.net,‌：深圳市宝安区福海街道和平社区永和路45号金丰智汇谷A栋厂房302‌12,,,,,2025-07-11 15:37:10,Yes
31,临沂博智玩具有限公司,18063152692,996882497@qq.com; 18063152692@163.com,的搜索结果‌12都指向山东省临沂市罗庄区高都街道车辋村,手机号,,,,2025-07-11 15:37:58,Yes
32,金华市爱柔母婴用品有限公司,18072439580,18072439580@qq.com; 580@qq.com,浙江省金华市金东区孝顺镇朝辉东路116号（顺德日用品厂内3楼东边2间）‌12,黄芳同时控股金华,,,,2025-07-11 15:38:45,Yes
33,临沂奇佳乐教玩具厂,0539-8338832,,‌：临沂市兰山区永兴国际玩具城C区17排3号 ‌17,,,,,2025-07-11 15:39:32,Yes
34,宁波洛宾教育科技有限公司,26038236,26038236@qq.com,宁波高新区凌云路1177号002幢10号224室,,,,,2025-07-11 15:40:19,Yes
35,西尾（上海）综合物品租赁有限公司,021-51501995,boris@scsglobal.cn; teresa@scsglobal.cn; pan@kidsmagic.jp,信息高度统一（北京西路1701号2508室）,代表及董事长）‌,,,,2025-07-11 15:41:07,Yes
36,深圳市中数创意文化传媒技术有限公司,0755-86218106,,深圳市南山区西丽街道新围社区西丽湖路4227号九祥岭新工业区2栋B601（当前运营所在地）‌23,/CEO：米晓林,,,,2025-07-11 15:41:54,Yes
37,江苏省苏州市太仓市黎阳塑料制品有限公司,13706241618,qq13706241618@qq.com; 1618@qq.com,国家质检总局:24批次移动电话产品质量不合格,是郁秋红,,,,2025-07-11 15:42:41,Yes
38,台州市工美礼品有限公司,13566448116,,"的结果都指向""浙江省台州市黄岩北城开发区唐溪路5号""",信息存在差异：‌,,,,2025-07-11 15:43:30,Yes
39,君临国际有限公司,50857388,,在香港金钟力宝中心一期1105室,,,,,2025-07-11 15:44:17,Yes
40,扬州恒爱玩具有限公司,0514-8697,yjy@hatoys.com,扬州恒爱玩具有限公司 - 企业股权穿透图 - 企业关系信息查询 - 爱企查,范仁林,,,,2025-07-11 15:45:04,Yes
41,汕头市澄海区乐毅塑料玩具厂,0754-85812058,,汕头市澄海区凤翔街道信宁信兴南三直路5号‌12,‌：许焕龙（与注,,,,2025-07-11 15:45:52,Yes
42,Safari Ltd.,305-621-6894,,Safari Ltd.主要有两个业务方向：浏览器和玩具公司,,,,,2025-07-11 15:46:39,Yes
43,重庆市科学技术研究院,023-63027023,582017814@qq.com; 536507038@qq.com,在重庆市两江新区黄山大道中段杨柳路2号,和科技骨干人员的,,,,2025-07-11 15:47:26,Yes
44,宁波鸿亿达电子科技有限公司,775629560,775629560@qq.com,宁波高新区江南路1558号7楼7034室在‌24等多处交叉验证,‌：田丹妮（20,,,,2025-07-11 15:48:17,Yes
45,香港贸易发展局,(852)1830668,,是香港湾仔港湾道1号会展广场办公大楼38楼,,,,,2025-07-11 15:49:04,Yes
46,台州市中联塑料模具有限公司,0086-0576-82701288,ceo@zlindustry.com; cloris@zlindustry.com; vivian@zlindustry.com; sales@zlindustry.com,地址：浙江省台州市路桥区金清镇大浦工业区；电话：0086-0576-82701288,等信息,,,,2025-07-11 15:49:51,Yes
47,台州市阳光宝贝玩具有限公司,(0576)86273777,1481027238@qq.com; 793951508@qq.com,‌地址‌：浙江省台州市温岭市城西街道吴山村‌13,和业务联系人的情,,,,2025-07-11 15:50:38,Yes
48,北京华熙百润文化传播有限公司,010-53357710,hxanyuan@126.com,信息需要特别注意时间线：在2024年3月之前公司位于北京市海淀区复兴路69号1号楼132室‌45,变更信息在‌13,,,,2025-07-11 15:51:25,Yes
49,江苏共创人造草坪有限公司,13706172026),hr@ccgrass.com,"就有两个版本：一个是官网‌1给出的淮安地址""江苏省淮安市淮安区经济开发区广州东路66号""",,,,,2025-07-11 15:52:12,Yes
50,江苏玉河教玩具有限公司,13901441113,jsyhtoy@163.com,‌：江苏省扬州市宝应县曹甸工业园区中央西路15号‌12,,,,,2025-07-11 15:52:59,Yes
51,江苏业豪教学设备有限公司,18066010000,mdj19630522@163.com,"所有提及注册地的结果（如‌12）都指向""宝应县曹甸镇工业集中区晨化路""",郝成凤,,,,2025-07-11 15:53:47,Yes
52,东方娃教学设备有限公司,13605257488,2688676@qq.com,是泾县泾川镇山口社区贺村巷22号,徐杰,,,,2025-07-11 15:54:34,Yes
53,浙江益群游乐设备有限公司,13733852984,904088431@qq.com; 18757729998@163.com,而18757729998@163.com出现在工商注册平台‌38,,,,,2025-07-11 15:55:21,Yes
54,华夏游乐有限公司,913303247245,464393744@qq.com; huaxiatoys@huaxiatoys.com,信息非常统一：所有结果都指向浙江温州永嘉县桥下镇,）‌10,,,,2025-07-11 15:56:08,Yes
55,浙江巧巧教育科技有限公司,18810745102,qq@qqtoy.com; 2880705159@qq.com,‌：浙江省温州市永嘉县桥下镇八里村（主要注册地）‌23；具体生产基地位于洋湾工业园或垟湾工业区成业路55号‌14,,,,,2025-07-11 15:56:55,Yes
56,浙江同贡游乐设备有限公司,13695860859,2592598459@qq.com,温州市生态环境局2022年3月30日拟对《浙江同贡游乐设备有限公司年产教玩具78万套技改项目》作出审批意见的公告,是陈建飞,,,,2025-07-11 15:57:43,Yes
57,温州市吸引力游乐设备有限公司,13777716789,info@attractplay.com; 2955727978@qq.com,浙江省温州市永嘉县桥下镇京岸工业区温州市吸引力游乐设备有限公司,和参保信息等,,,,2025-07-11 15:58:30,Yes
58,北京旭日祥和科贸有限公司,86-10-84675558,2735743894@qq.com,北京市昌平区天通中苑F区43号楼B-907室,和地址：北京市朝,,,,2025-07-11 15:59:17,Yes
59,汕头市澄海区裕源丰玩具厂,,,都指向同一个地点：汕头市澄海区莲下镇渡亭村龙尾片(炮台内)‌12,蔡秋挺‌16,,,,2025-07-11 16:00:04,Yes
60,宁波市麦古特磁材科技有限公司（慈溪市广发磁性材料厂）,(0574)865746328889,,"""公司地址: 慈溪市浒山街道新城大厦室""",,,,,2025-07-11 16:00:51,Yes
61,义乌市博燃玩具有限公司,0579-85601160,,中国浙江义乌市廿三里神力创业园A1-1幢3楼,是王波,,,,2025-07-11 16:01:39,Yes
62,高榮實業有限公司,00852-8522516,,在香港九龙观塘骏业街62号京贸中心7楼E室‌1,,,,,2025-07-11 16:02:26,Yes
63,宁波基盛休闲用品有限公司,0574-88151907,88218164@qq.com,的搜索结果‌1、‌4、‌5、‌6都指向宁波市鄞州区姜山镇,‌：王水瑶‌45,,,,2025-07-11 16:03:13,Yes
64,沁阳市鑫泓发皮毛制品有限公司,,,沁阳市鑫泓发皮毛制品有限公司 聯絡資料,吕向阳持股90%,,,,2025-07-11 16:04:00,Yes
65,鵬利(香港)有限公司,00852-2793,,信息在‌12完全一致：红磡鹤翔街8号维港中心2座407室,,,,,2025-07-11 16:04:47,Yes
66,中龍檢驗認證(香港) 有限公司,,,,,,,,2025-07-11 16:05:35,No
67,上海泉林化工科技有限公司,57181203,,：上海市崇明区竖新镇响椿路58号(上海竖新经济开发区),邓肖辉的信息,,,,2025-07-11 16:06:22,Yes
68,汕头市澄海区凌盛玩具厂,15875432555,,一致为“汕头市澄海区莲下镇立德工业区园林三路”（多个来源如‌4、‌5、‌10等）,为陈述芝,,,,2025-07-11 16:07:09,Yes
69,汕头市澄海区品赞玩具有限公司,87210189,,汕头市澄海区品赞玩具有限公司 聯絡資料,陈力‌18一致,,,,2025-07-11 16:07:56,Yes
70,汕头市澄海区金世嘉玩具厂,86-754-8586936886-7,,信息最可靠的是在‌1、‌2和‌3中重复出现的“汕头市澄海区凤翔街道洲畔社区莲花心工业区(白坪东)”,,,,,2025-07-11 16:08:43,Yes
71,汕头市澄海区新森林玩具厂,86075483235331,,‌：汕头市澄海区凤翔街道凤新二路港口工业区‌19（与原玩具厂地址相邻）,许永林,,,,2025-07-11 16:09:31,Yes
72,汕头市澄海区佳品玩具厂,0754-85808455,,信息在多个来源中一致：汕头市澄海区广益街道龙田北排北4号‌12,姓名,,,,2025-07-11 16:10:18,Yes
73,宁波衡大进出口有限公司/云和县衡大木业有限公司,15157831400,winfield@hellotoy.com,‌：浙江省丽水市云和县工业园区新华街‌89,代表是陈伟平‌3,,,,2025-07-11 16:11:05,Yes
74,汕头市澄海区飞皇玩具厂,0754-85874900,,在2020年6月由原地址秀夫路北4巷3号变更而来‌2——这里要提醒用户注意新旧地址区别,是丁俊奇‌12,,,,2025-07-11 16:11:52,Yes
75,汕头市澄海区优博智玩具厂,13715966560,,在汕头市澄海区广益街道北陇河东路20号第二层‌12,李丹贤和监事陈雁,,,,2025-07-11 16:12:39,Yes
76,汕头市丰达丹美服装玩具有限公司,0754-5812018,,汕头市丰达丹美服装玩具有限公司-企业工商信用信息,是蔡友丰,,,,2025-07-11 16:13:27,Yes
77,汕头市蓝天玩具有限公司,,agep@58.com,‌：汕头市澄海区澄华街道西门中泰七路北3号二楼‌14,,,,,2025-07-11 16:14:14,Yes
78,汕头市澄海区开益玩具有限公司,0754-85161899,2881530526@qq.com,汕头市澄海区开益玩具有限公司 聯絡資料,谢佩珠,,,,2025-07-11 16:15:01,Yes
79,汕头市澄海区潮宝塑胶玩具制品厂,0754-85884468,536413533@qq.com,"首先注意到几个关键点：企业注册地址始终是""汕头市澄海区凤翔街道外埔工业区""",联系方式吻合,,,,2025-07-11 16:15:48,Yes
80,汕头市智博玩具有限公司,86-0754-85825288,yyy.0811@163.com,中国 广东 汕头市澄海区 凤翔街道凤新工业区,,,,,2025-07-11 16:16:35,Yes
81,汕头市澄海区柏裕玩具厂,0754-85876758,,"信息最完整的是‌45共同提到的""广益埔美美新区三十一巷十二号""",陈振苞,,,,2025-07-11 16:17:23,Yes
82,汕头市澄海区全继玩具厂,0754-85165914,,‌：汕头市澄海区莲下镇下村莲东路旁‌12,是蔡全和‌12,,,,2025-07-11 16:18:10,Yes
83,深圳市飞辉科科技有限公司,413322341,413322341@qq.com,深圳市南山区粤海街道科技园社区科苑路15号科兴科学园C栋C3-13F-B103,、股东、执行董事,,,,2025-07-11 16:18:57,Yes
84,汕头市澄海区迪辉塑胶玩具厂（童趣）,0754-85850678,dihuigongchen2005@21cn.com,汕头市澄海区凤翔街道洲畔社区透寮村村前路（最终注册地址）‌1,杨毓生,,,,2025-07-11 16:19:44,Yes
85,汕头市美奇宝塑胶电子实业有限公司,0754-85837777,,汕头市美奇宝塑胶电子实业有限公司 聯絡資料,王晓媛（这可能是,,,,2025-07-11 16:20:31,Yes
86,汕头市澄海区群佳达玩具厂,13556367931,,汕头市澄海区群佳达玩具厂 聯絡資料,身份,,,,2025-07-11 16:21:18,Yes
87,汕头市澄海区瑞祥玩具厂,,,汕头市澄海区凤翔街道东湖书斋埕巷10号‌78,‌：林晓东‌12,,,,2025-07-11 16:22:06,Yes
88,汕头市澄海区立煌塑胶玩具有限公司,0754-85133398,2851165157@qq.com,汕头市澄海区立煌塑胶玩具有限公司 聯絡資料,是王泽生,,,,2025-07-11 16:22:53,Yes
89,飞洛得科技航模有限公司,13322743600,770448144@qq.com; 1464226964@qq.com,在汕头市澄海区凤翔街道昆美美新工业区24号C栋5楼,‌：辛吉恒（持股,,,,2025-07-11 16:23:40,Yes
90,汕头市丽葵儿童体育用品有限公司,0754-85400328,leko.sports@leko-hk.com,‌：广东省汕头市澄海区莲下镇新寮工业区（新兴西路6号,,,,,2025-07-11 16:24:27,Yes
91,汕头市澄海区冬宝红玩具厂,0754-8511,,汕头市澄海区冬宝红玩具厂 聯絡資料,,,,,2025-07-11 16:25:15,Yes
92,汕头市澄海区莲下广业塑胶玩具厂,0754-85822488,,汕头市澄海区莲下广业塑胶玩具厂 聯絡資料,,,,,2025-07-11 16:26:02,Yes
93,汕头市诒乐（费乐）玩具有限公司,0754-85807776,,汕头市澄海区凤翔街道头份村荣禄片区荣福大道西侧、莱南路南侧,为王锐骞,,,,2025-07-11 16:26:49,Yes
94,汕头市闲牛玩具实业有限公司,0754-85717317,459349285@qq.com,先看基础联系方式：多个来源显示公司地址位于汕头市澄海区城区老汕汾公路抽纱公司大院内第七幢‌12,代表信息显示林思,,,,2025-07-11 16:27:37,Yes
95,汕头市澄海区正光塑料玩具有限公司,86-0754-85165228,zg@zhengguangtoys.com; zgtoys@126.com,汕头市澄海区正光塑料玩具有限公司 聯絡資料,王正光的信息,,,,2025-07-11 16:28:24,Yes
96,汕头市澄海区宝信玩具商行,0754-83231169,,‌1和‌2都明确提到“汕头市澄海区澄华西门泰安路东侧金铭大厦第5层”,/联系人‌,,,,2025-07-11 16:29:11,Yes
97,金华市淘淘乐工贸有限公司,0579-82586830,469724235@qq.com; 91330703055519256M@163.com,固定在浙江省金华市婺城区白龙桥镇临江工业区金沙街998号6幢2层‌23,蒙明鹏的联系方式,,,,2025-07-11 16:29:58,Yes
98,深圳市卓凡动力电子有限公司,13138888887,,‌：广东省深圳市龙岗区爱联新屯村五区健军路18-20号‌18,,,,,2025-07-11 16:30:45,Yes
99,金华市玩具和婴童用品协会,0579-3494900,,明确给出了协会地址：金华市八一北街956号,为盛建永,,,,2025-07-11 16:31:33,Yes
100,贝登堡智能股份有限公司,00886-28788,lily@kkinc.com.tw,在台北市信义区光复南路495号7楼,同名,,,,2025-07-11 16:32:20,Yes
101,临沂市兰山区鑫润塑胶制品厂,13953969542,13865396900@qq.com,临沂市兰山区鑫润塑胶制品厂 聯絡資料,名字,,,,2025-07-11 16:33:07,Yes
102,科达译发电子（深圳）有限公司,,gq_du@kodec.com; zhang555chao@126.com,‌：深圳市福田区福保街道福保社区绒花路128号深福保大厦主楼第3层3A单元‌17,,,,,2025-07-11 16:33:54,Yes
103,温州宝德龙玩具有限公司,0577-67470158,,"""永嘉县桥下镇京溪东路133弄1号""在所有工商注册信息中完全一致（‌1、‌2、‌7）",）‌17,,,,2025-07-11 16:34:41,Yes
104,"DAESUNGTOYS CO.,LTD",,,"接着在‌2发现关键线索——海外论坛页面显示了""china toys more""的业务范围",,,,,2025-07-11 16:35:28,Yes
105,天津渤轻进出口有限公司,28021285,lonxing@china.com,多个来源如‌13都一致提到地址是天津市河西区新围堤道5号,,,,,2025-07-11 16:36:16,Yes
106,瑞宁兴业有限公司,0531-5569,,‌：江苏省泰兴市黄桥镇工业园区通站路18号‌1,,,,,2025-07-11 16:37:03,Yes
107,汕头市澄海区银华玩具厂,0754-85350552,,汕头市澄海区银华玩具厂 聯絡資料,确实是陈年富,,,,2025-07-11 16:37:50,Yes
108,汕头市澄海区德航玩具厂,,,汕头市澄海区德航玩具厂 聯絡資料,和经营地址得到交,,,,2025-07-11 16:38:37,Yes
109,"BNC.Co.,Ltd",010-62965536,cx@bnc.com.cn,‌：北京市海淀区上地信息路1号01-1幢4层A栋（邮编未提供）,,,,,2025-07-11 16:39:24,Yes
110,杭州有魔有样科技有限公司,13777457897,1652827992@qq.com,1652827992@qq.com（公开注册邮箱）‌4,‌：竺建平‌34,,,,2025-07-11 16:40:11,Yes
111,浙江木斐儿科技有限公司,,y@163.com,在台州市黄岩区北城开发区康庄路6号是共识信息‌12,潘晓鸿‌24,,,,2025-07-11 16:40:59,Yes
112,杭州乐酷玩具有限公司,0571-82741802,,在搜索结果‌1、‌2中都明确指向萧山区靖江街道甘露村,代演明在‌1、‌,,,,2025-07-11 16:41:46,Yes
113,上海庚达商贸有限公司,021-62340521,tangdasm@163.com,在上海市闵行区莲花路1555号551室,岳银梅的信息‌7,,,,2025-07-11 16:42:33,Yes
114,杭州之悦文具有限公司,0571-88855535,41847325@qq.com,杭州之悦文具有限公司 - 企业股权穿透图 - 企业关系信息查询 - 爱企查,,,,,2025-07-11 16:43:20,Yes
115,河南省竞速体育设施有限公司,0372-3666638,64882232@qq.com; 1183668578@qq.com,"多个来源（‌1、‌2、‌3）一致指向""安阳高新区长江大道西段火炬创业园10号厂房""‌12",‌：李军良‌18,,,,2025-07-11 16:44:07,Yes
116,浙江程磊教玩具有限公司,15158538634,296510610@qq.com; 2248018057@qq.com,信息在‌13等多处统一指向永嘉县桥下镇小京社区；官网和传真则在‌4和‌5有明确记录,黄岳的名字在‌1,,,,2025-07-11 16:44:54,Yes
117,上海星奇谷玩具有限公司,021-56086598,734865085@qq.com,是上海市嘉定区恒永路328弄3号1层‌18,也从王建南变更为,,,,2025-07-11 16:45:42,Yes
118,龙璟印刷（深圳）有限公司,0755-29877776,2517056023@qq.com,深圳市宝安区沙井街道新桥社区新发东路24号多栋厂房（2023年前使用）‌47,,,,,2025-07-11 16:46:29,Yes
119,汕头市金爵玩具有限公司,358974314,087@qq.com; 14@qq.com; 358974314@qq.com,在汕头市澄海区澄华街道冠山毓秀路2巷2号之三,或高層,,,,2025-07-11 16:47:16,Yes
120,汕头市澄海区帝源博塑胶玩具厂（龙翼）,0754-85828812,,‌：汕头市澄海区溪南镇下岱美村内底埔南侧工业区第九号之二（2021年8月后启用）‌46,/经营者‌：陈博,,,,2025-07-11 16:48:03,Yes
121,重庆艾可新材科技有限公司,023-63054389,,搜索结果中不一致？‌1说“重庆市渝北区金童路100号雅典海岸”,,,,,2025-07-11 16:48:50,Yes
122,浙江恒丰运动器材有限公司,86-0578-3175278,1768077020@QQ.COM; 1768077020@qq.com,‌：多个来源一致给出浙江缙云县新建镇新溪路22号（如‌5、‌7、‌8、‌9、‌12、‌17）,楼春燕,,,,2025-07-11 16:49:38,Yes
123,南京豪加农业科技发展有限公司,(025)58882174,518@qq.com; 1009137518@QQ.COM; g66@163.com,信息：浦口区江浦街道雨合北路17号,,,,,2025-07-11 16:50:25,Yes
124,群盛文化用品有限公司,0539-8065221,770978140@qq.com,山东省临沂市兰山区中国小商品城5-8号楼112,王得美,,,,2025-07-11 16:51:12,Yes
125,汕头市澄海区铭津乐玩具厂（明兴业）,0754-85638675,,汕头市澄海区铭津乐玩具厂（明兴业） 聯絡資料,是李维明,,,,2025-07-11 16:51:59,Yes
126,童缤教玩具有限公司,86-577-67498835,26@qq.com,信息：所有高可信度结果（‌15）一致指向永嘉县桥下镇上村村,代表）,,,,2025-07-11 16:52:47,Yes
127,广州博商商贸有限公司,13802727800,13802727800@139.com; 13802727800@139.COM,是“广州市从化区太平镇广从北路483号动漫城北路2号4幢901房(仅限办公)”,谢思程,,,,2025-07-11 16:53:34,Yes
128,深圳市深龙杰科技有限公司,13148877790,name@example.xxx,中国广东深圳市罗湖区人民北路书院街48号一楼,,,,,2025-07-11 16:54:21,Yes
129,空天慧智（北京）科技有限公司,400-616-4616,clq@spacet.cn,最混乱...有京城梨园‌6和建国路15号院‌12两个版本,王力出现7次‌2,,,,2025-07-11 16:55:08,Yes
130,宝光实业（深圳）有限公司/智乐纷贸易（深圳）有限公司,0755-84072417,249491108@qq.com; 1802449448@qq.com; benchoy1216@ymail.com,在深圳市龙岗区坪地街道教育中路43号,林振元,,,,2025-07-11 16:55:55,Yes
131,英国爱视达（北京纬美灵动科技有限公司）,191477748,191477748@qq.com,：北京市昌平区沙顺路91号院2号7层717-10574(集群注册),柏喆,,,,2025-07-11 16:56:43,Yes
132,词右商贸（上海）有限公司,021-54573781,,上海市闵行区江汉路223号1层（主要办公地址）‌34,存在胡秋霞（‌3,,,,2025-07-11 16:57:30,Yes
133,石家庄英欧立曼体育用品有限公司,0311-86360176,,在石家庄市栾城区楼底镇107线与南车路东行1000米路北,代表刘伟,,,,2025-07-11 16:58:17,Yes
134,永亮玩具有限公司,0577-66963626,,‌：浙江省温州市永嘉县桥下镇小京工业区（永嘉县新乐游乐设备有限公司内）‌23,叶晓燕的名字在‌,,,,2025-07-11 16:59:04,Yes
135,趣巢创意文化（深圳）有限公司,0755-28178166,zhangjm@kidcho.cn,☎️电话号码0755-28178166归属,刘光荣‌12,,,,2025-07-11 16:59:51,Yes
136,汕头市奥派玩具有限公司,13825869695,13825869695@139.COM,信息最统一：澄海区广益街道埔美美龙区10巷29号第七层在‌12完全一致,林锐波关联；07,,,,2025-07-11 17:00:38,Yes
137,振光商贸（上海）有限公司,021-34908856,katherine.li@hkt-china.cn,在四条独立信源中完全一致（闵行区宜山路1618号A栋A802室）,‌：刘正群‌12,,,,2025-07-11 17:01:25,Yes
138,西姆斯工艺制品（深圳）有限公司,,dm@cmccom.cn,在深圳市龙岗区坪地街道六联社区长山工业区168号A2栋102,贾淑霄‌1,,,,2025-07-11 17:02:13,Yes
139,汕头市澄海区旭腾（幻乐猫）玩具厂,0754-85735559,,"在""汕头市澄海区广益街道埔美美阳区二路""",是许旭毅,,,,2025-07-11 17:03:00,Yes
140,Shing Hing Plastic Manufacturing Ltd,,sales@shinghing.com; info@shinghing.com,"关于邮箱格式的提示：考虑到东莞企业常用""@shinghing.com""或名称缩写",,,,,2025-07-11 17:03:47,Yes
141,Nicer Holdings Ltd,13533038918,,是九龙旺角塘尾道50-52号富都工业大厦9楼,,,,,2025-07-11 17:04:34,Yes
142,东莞市戴克斯曼士达商贸有限公司,,,是“广东省东莞市清溪镇清溪清凤路357号1号楼202室”,,,,,2025-07-11 17:05:21,Yes
143,浙江好学教育设备有限公司,18357721662,cchuishi@126.com,浙江好学教育设备有限公司 - 企业股权穿透图 - 企业关系信息查询 - 爱企查,戚海鹏的信息,,,,2025-07-11 17:06:08,Yes
144,浙江春蚕教具有限公司,0577-7456775,w@yeah.net; 5625845333@qq.com; 67@qq.com,发生过变更：2019年从垟塆工业区搬到八里村中路‌23,‌：陳秋棉‌12,,,,2025-07-11 17:06:56,Yes
145,永嘉县桥下科元游乐设备厂,0577-66980999,,位于永嘉县桥下镇上村村正阳街1号,为董帮廷,,,,2025-07-11 17:07:43,Yes
146,朗晟商业（长沙）有限公司,0731-8416,huxiulan@lasource.com.cn; service@lasource.com.cn,都指向相同的核心信息：公司注册地址在长沙市雨花区韶山中路419号凯宾商业广场1131房,电话133084,,,,2025-07-11 17:08:30,Yes
147,鸿利玩具制品（深圳）有限公司,13632696464,hlcw@toywea.com,‌：深圳市龙岗区坪地街道坪西社区顺景路8号6号厂房2楼 ‌46,‌：伍兴哲,,,,2025-07-11 17:09:17,Yes
148,创首科技（深圳）有限公司,0755-82872586,sophie_zheng@innovationfirst.com,先看权威工商信息：百度企业信用‌1、企查查‌2和天眼查‌3都显示注册地址在深圳市福田区星河发展中心12层1201-05,在工商系统‌11,,,,2025-07-11 17:10:04,Yes
149,Lup Shun Metal & Plastic Ware Fty Ltd,,,,,,,,2025-07-11 17:10:52,No
150,惠州市沃动运动有限公司,,,在广东省惠州市龙门县惠州产业转移工业园龙门红工业区30栋厂房,罗德明在‌7有详,,,,2025-07-11 17:11:39,Yes
151,娃乐都儿童用品（昆山）有限公司,0512-7671635,kidsjcl2011@163.com,"统一指向""江苏省昆山市陆家镇陆丰东路85号""",独资有限责任公司,,,,2025-07-11 17:12:26,Yes
152,爱家乐活（深圳）贸易有限公司,0755-2265,383499312@qq.com,"是2024年变更后的""横岗街道六约北社区埔厦路80号万马奔腾产业园7栋402-403""",蔡月保在‌14等,,,,2025-07-11 17:13:13,Yes
153,凯奇集团有限公司,0577-67410775,kaiqi-toy@263.net; info@kaiqi-toy.com,主要地址是浙江省温州市永嘉县桥下镇小京岙村（如‌1、‌2、‌12、‌4）,,,,,2025-07-11 17:14:00,Yes
154,乐恩教育用品（北京）有限公司,18210980738,lenedu@126.com,在北京市海淀区翠微路2号院科贸楼X203室,是张伟,,,,2025-07-11 17:14:48,Yes
155,百利佳糖果玩具礼品（东莞）有限公司,0769-86533119,info@bipchina.com; pandeng@ylkivee.com,都是东莞市石排镇塘尾工业区或塘尾村‌12,刘全意和主要人员,,,,2025-07-11 17:15:35,Yes
156,浙江潜力玩具有限公司,0577-67495555,chb051@163.com,浙江潜力玩具有限公司年产10000套教学专用仪器项目建设工程规划许可调整公示,单独标注,,,,2025-07-11 17:16:22,Yes
157,通标标准技术服务（上海）有限公司,021-61402666,lola.xu@sgs.com; shaoyong@sgs.com,这些专业对接窗口对具体业务应该很有帮助,,,,,2025-07-11 17:17:09,Yes
158,莱茵技术（上海）有限公司,15821124243,info@tuv.com; FengF.Shang@tuv.com,存在多门牌号描述（如153号、165号等）,,,,,2025-07-11 17:17:57,Yes
159,昆山多宾陈列展示股份有限公司,0512-57650598,dobin@dobin.com.cn,且‌2注明是该企业注册邮箱‌12,为金国禄,,,,2025-07-11 17:18:44,Yes
160,盛名企業發展有限公司,,,信息：香港荃湾芙容街8号首亚洲中心5楼A室（UNIT A,,,,,2025-07-11 17:19:31,Yes
161,富士实业（国际）有限公司,,,与‌1一致但楼层不同（19楼vs9楼）,,,,,2025-07-11 17:20:18,Yes
162,愉乐国际纸制品开发有限公司,,,香港新界荃湾青山公路荃湾段611-619号东南工业大厦13楼A室,,,,,2025-07-11 17:21:05,Yes
163,广州爱朋贸易有限公司,86-020-83338821,3089140500@qq.com; 315190801@qq.com,广州市越秀区广卫路广卫商务大厦2011-2015室,张志铨,,,,2025-07-11 17:21:53,Yes
164,永耀行有限公司,86-755-25563595,,内容显示商业登记号码51666049,,,,,2025-07-11 17:22:40,Yes
165,"Think & act Strategic Co.,ltd",,,,,,,,2025-07-11 17:23:27,No
166,深圳市伟利丰塑胶制品有限公司,0755-85238715,wlac@tsuenlee.net; wlac@tsuenlee.com,在平湖街道新厦大道25号全利丰厂4栋201-301层,,,,,2025-07-11 17:24:15,Yes
167,广东裕利智能科技股份有限公司,0769-87312138,yuleecaiwu@yu-lee.cn; 522805866@qq.com; main@yu-lee.com,联系方式|广东裕利智能科技股份有限公司-裕利玩具_玩具产品_遥控产品,写作冯俊蛟,,,,2025-07-11 17:25:02,Yes
168,赤峰斯尔福泡棉制品有限公司,18910076777,18910076777@163.com; eng@163.com,‌：赤峰市松山区安庆镇松山工业园区标准化厂房1期6、7号‌12,电话不一致,,,,2025-07-11 17:25:49,Yes
169,汕头市澄海区樂智玩具（乐智）,0768-8721789,490@qq.com,汕头市澄海区广益街道华富阜安路西1号4楼 ‌23,,,,,2025-07-11 17:26:36,Yes
170,乐聚（深圳）机器人技术有限公司,0755-21002960,n@lejurobot.com; yixingjie@lejurobot.com,"""观澜街道南大富社区虎地排85号""可能已变更",冷晓琨（多源印证,,,,2025-07-11 17:27:23,Yes
171,卡乐咪教育信息咨询（上海）有限公司,400-886-1906,jane@color-me.com.cn,存在多个版本：宣化路28号（‌14）和临虹路128弄（‌25）,姓名‌10和营业,,,,2025-07-11 17:28:11,Yes
172,浙江贝旺玩具有限公司,0577-67495888,sales@beiwang.cn; 1195889988@qq.com,东莞分公司（地址：广东省东莞市万江拔蛟窝西环路） ‌4,‌：黄良崇,,,,2025-07-11 17:28:58,Yes
173,温州卡米奇游乐设备有限公司,13758742418,kamiqi@kamiqi.com,但实际访问测试发现www.kamiqi.com已无法打开,电话：搜索结果‌,,,,2025-07-11 17:29:45,Yes
174,牛牛游乐设备有限公司,0577-66967557,,上海市奉贤区南桥镇绿地未来中心A1栋901室‌4,‌：麻陈敏‌78,,,,2025-07-11 17:30:32,Yes
175,云和万佳玩具制造厂,86-0578-5123365,,（浙江省丽水市云和县凤凰山街道中山西路171号）,,,,,2025-07-11 17:31:19,Yes
176,汕头市澄海区贝利格玩具厂,0754-86599125,,"是""汕头市澄海区凤翔街道东湖集兴路中段""",、经营者）,,,,2025-07-11 17:32:06,Yes
177,汕头市澄海区润兴玩具厂,0754-85863224,,‌：广东省汕头市澄海区广益登峰路工业区（邮编515800）‌12,,,,,2025-07-11 17:32:54,Yes
178,东莞市龙高玩具有限公司,0769-87086558,zexinren@163.com; info@longgaotoys.com,在多个高可信度结果中一致显示为东莞市长安镇上沙第六工业区一横路‌12,‌：曾艳金‌34,,,,2025-07-11 17:33:41,Yes
179,集多美贸易（深圳）有限公司,82529092,jiaochen@szjdm.com.cn; jdm@szjdm.com.cn,格式：深圳市福田区沙头街道天安社区泰然九路11号,姓名在‌7是林庆,,,,2025-07-11 17:34:28,Yes
180,山东麦乐宝玩具有限公司,0539-5356789,2832695616@qq.com; 1933385666@qq.com,山东麦乐宝玩具有限公司企业年报查询2020 - 天眼查,‌：孔伟‌45,,,,2025-07-11 17:35:15,Yes
181,汕头市澄海区骏辉玩具厂,0754-85857276,,"为""汕头市澄海区澄华街道下窖窖内工业区中路11号""",,,,,2025-07-11 17:36:02,Yes
182,广东德思徕文化传播有限公司,1112223512,1112223512@qq.com,很明确是广州市越秀区麓苑路42号2栋五层自编517-2房‌12,叫陈奕霖,,,,2025-07-11 17:36:50,Yes
183,汕头市世标文教科技有限公司,0754-8581,455127436@qq.com,几乎所有结果都提到汕头市澄海区凤翔街道头份村一片新区,、地址,,,,2025-07-11 17:37:37,Yes
184,汕头市澄海区建雄玩具实业有限公司,13825828390,info@merconser.com; 63742688@qq.com,汕头市澄海区建雄玩具实业有限公司 聯絡資料,为陈月娴‌35,,,,2025-07-11 17:38:24,Yes
185,揭阳市联和玩具有限公司,13760589456,jysgtoy@163.com,在八条信息中完全一致：揭阳空港经济区溪南天福东路顶乡村路段‌12,陈耿仰持股60%,,,,2025-07-11 17:39:11,Yes
186,汕头市澄海区千力塑胶玩具厂,13825867070,86390523@163.com,地址汕头市澄海区凤翔信宁信东路10巷,,,,,2025-07-11 17:39:58,Yes
187,广东凯裕科教文化有限公司,0754-85727369,1554664260@qq.com,官方网站‌12显示总部地址在广东潮州市饶平县钱东镇多年楼村铁汫线旁；,,,,,2025-07-11 17:40:45,Yes
188,上海颖逸信息科技有限公司,021-68126026,lina.fang@injoylearning.cn,上海市浦东新区沈梅路123弄3号303室,代表：林建琼（但,,,,2025-07-11 17:41:33,Yes
189,深圳市喜之宝实业有限公司,0755-84673929,kidsbud@kidsbud.com,"是""龙岗区平湖街道新木社区老村工业园二路10号201""‌12",、董事長‌12,,,,2025-07-11 17:42:20,Yes
190,高思维贸易（深圳）有限公司,,,需优先采用工商备案信息‌12和可信度高的来源‌3；,,,,,2025-07-11 17:43:07,Yes
191,实丰文化发展股份有限公司,85869666,xingzheng@gdsftoys.com,的搜索结果都指向汕头市澄海区文冠路澄华工业区‌16,,,,,2025-07-11 17:43:54,Yes
192,深圳市帕拉卡科技有限公司,15818728517,hua.xiong@paracraft.cn,深圳市南山区粤海街道滨海社区高新南十道81、83、85号深圳市软件产业基地1栋A1201A21‌1,,,,,2025-07-11 17:44:41,Yes
193,北京今朝勇创科技有限公司,1224434696,1224434696@qq.com,工商变更记录‌79明确记载了2025年的地址迁移,‌：贺勇‌14,,,,2025-07-11 17:45:28,Yes
194,厦门三体科技有限公司,,316@qq.com; 05@qq.com,‌：多个来源一致给出：厦门火炬高新区(翔安)产业区万家春路1019-5号601室之三,和参保人数,,,,2025-07-11 17:46:16,Yes
195,上海亲宝儿童用品有限公司,021-31657056,616665534@qq.com,上海市虹口区海宁路137号7层E座776N室,,,,,2025-07-11 17:47:03,Yes
196,志达玩具（深圳）有限公司,0755-25971663,tigerwu@szchitat.cn,‌12等多个高可信来源都指向深圳市罗湖区深南东路118号世界金融中心B座2211室,,,,,2025-07-11 17:47:50,Yes
197,宁波乐图纸制品有限公司,86-0574-87526564,1152708402@qq.com,大多數結果（如‌4、‌5、‌6、‌10）都指向宁波市江北区庄桥街道葛家村,李全胜,,,,2025-07-11 17:48:37,Yes
198,迪克森文具（昆山）有限公司,0512-36862666,XXXX.ks@filadixon.com,‌：江苏省昆山市千灯镇季广中路211号‌12,‌：钟武郎‌12,,,,2025-07-11 17:49:25,Yes
199,山东七巧板婴童用品有限公司,0536-7787397,,统一为：山东省潍坊市昌邑市北孟镇李家埠村728号‌12,为李会成‌14,,,,2025-07-11 17:50:12,Yes
200,伦祖礼（上海）实业有限公司,021-64136307,renzulli@163.com,——上海市闵行区漕宝路3299弄18号楼3层S4b-3F-003/005商铺,‌：LEE,,,,2025-07-11 17:50:59,Yes
201,壹宝玩具贸易（上海）有限公司,021-52835520,wangsf@epoch-shanghai.com; zhoujia@epoch-shanghai.com; x.shu@faircongrp.com; egawa-h@epoch.jp,信息高度集中在三个地址上：茅台路270弄7号一层145室（‌12）、宣化路28号701室（‌9）,,,,,2025-07-11 17:51:46,Yes
202,南京欧智宝图书有限公司,18721319032,13770520036@163.com,江苏省 南京市 鼓楼区中山北路217号龙吟广场1601室,,,,,2025-07-11 17:52:33,Yes
203,浙江新云婴童用品有限公司,,,信息在多处都有印证：凤凰山街道长寿路6号这个地址在‌12等结果中完全一致,叫姚伟丽,,,,2025-07-11 17:53:21,Yes
204,万童互动科技（北京）有限公司,010-65206920,u@wekids.com; ran.fu@wekids.com,‌14共同指向北京市朝阳区广顺北大街33号院1号楼10层1单元1101室6313号,代表）‌1,,,,2025-07-11 17:54:08,Yes
205,四三九九网络股份有限公司,020-87574399,cmn@4399inc.com,精确到厦门软件园二期具体楼栋和楼层,为洛海坚,,,,2025-07-11 17:54:55,Yes
206,达尔能电子科技（惠州）有限公司,0752-5715787,chinasales@dynamicscientific.com; lynn@dynamicscientific.com,是惠州市惠阳区秋长街道维布村布二塘背新村153号3楼‌12,独资企业‌24,,,,2025-07-11 17:55:42,Yes
207,小狄商贸,18939396918,13526395965@qq.com; 70@qq.com,长春市汽车开发区西湖大路保利西湖大路小区一区(保利中央公园一区)B-2号楼701号-3,狄玉龙,,,,2025-07-11 17:56:29,Yes
208,天长市索菲亚工艺品进出口有限公司,0550-778,,天长市索菲亚工艺品进出口有限公司 聯絡資料,,,,,2025-07-11 17:57:17,Yes
209,风天国际有限公司,18620371772,18620371772@163.com,‌：深圳市龙华区福城街道福民社区狮径路15号福城数字创新园802‌23,,,,,2025-07-11 17:58:04,Yes
210,东莞市维思儿童文化用品有限公司,252420777,252420777@qq.com,已变更为东莞市东城街道莞龙路东城段180号2栋‌12,张建鸿）‌12,,,,2025-07-11 17:58:51,Yes
211,大连子峰科技发展有限公司(东莞致远塑胶有限公司),,,大连子峰科技发展有限公司(东莞致远塑胶有限公司) 聯絡資料,,,,,2025-07-11 17:59:38,Yes
212,颛泓(上海)测试技术服务有限公司,021-23509600,hzhao@mts-global.com,方面‌14一致确认为上海市闵行区光中路105号,独资企业,,,,2025-07-11 18:00:25,Yes
213,珠海诺亚婴幼儿用品有限公司,,,,,,,,2025-07-11 18:00:37,No
214,重庆宝乐文化传播有限公司,,,,,,,,2025-07-11 18:00:44,No
215,常州米乐玩具有限公司,,,,,,,,2025-07-11 18:00:55,No
216,常熟市跨越木业有限公司,,,,,,,,2025-07-11 18:01:02,No
217,常熟市红星乐器有限公司,,,,,,,,2025-07-11 18:01:13,No
218,昌邑市富彬家居有限公司,,,,,,,,2025-07-11 18:01:20,No
219,贝乐多玩具实业有限公司,,,,,,,,2025-07-11 18:01:26,No
220,贝儿乐手工芭比娃娃,,,,,,,,2025-07-11 18:01:31,No
221,贝恩施(深圳)科技股份有限公司,,,,,,,,2025-07-11 18:01:46,No
222,北京中雅图文化发展有限公司,,,,,,,,2025-07-11 18:01:57,No
223,北京中教仪人工智能科技有限公司,,,,,,,,2025-07-11 18:02:12,No
224,北京优乐学园科技有限公司,,,,,,,,2025-07-11 18:02:23,No
225,北京映趣科技有限公司,,,,,,,,2025-07-11 18:02:34,No
226,北京影舟子文化传媒有限公司,,,,,,,,2025-07-11 18:02:39,No
227,北京枭龙科技有限公司,,,,,,,,2025-07-11 18:02:50,No
228,北京文海阳工贸有限责任公司,,,,,,,,2025-07-11 18:02:57,No
229,北京七色花教育科技发展有限公司,,,,,,,,2025-07-11 18:03:06,No
230,北京泼泼龙商贸发展有限责任公司,,,,,,,,2025-07-11 18:03:17,No
231,北京木马智慧教育科技股份有限公司,,,,,,,,2025-07-11 18:03:24,No
232,北京乐蓓儿国际音乐教育机构,,,,,,,,2025-07-11 18:03:36,No
233,北京凯柔商贸有限公司,,,,,,,,2025-07-11 18:03:43,No
234,北京京辉昊业玩具有限公司,,,,,,,,2025-07-11 18:03:52,No
235,北京金帆大中商贸有限公司,,,,,,,,2025-07-11 18:04:01,No
236,北京建云科技股份有限公司,,,,,,,,2025-07-11 18:04:06,No
237,北京佳思漫文化传媒有限公司,,,,,,,,2025-07-11 18:04:13,No
238,北京火车头文化发展有限公司,,,,,,,,2025-07-11 18:04:25,No
239,北京华诚未来建设工程有限公司,,,,,,,,2025-07-11 18:04:36,No
240,北京洪恩教育科技股份有限公司,,,,,,,,2025-07-11 18:04:42,No
241,北京孩思乐商业有限公司,,,,,,,,2025-07-11 18:04:53,No
242,北京凡米粒文化有限公司,13552136567,13552136567@139.com,“北京市顺义区龙湾屯镇府南路41号4幢1层276”,张登平,,,,2025-07-11 18:05:40,Yes
243,北京东方山和贸易有限公司,010-13164242,wa@hotmail.com; eastsanwa@hotmail.com; 79@qq.com,北京市朝阳区朝阳北路129号院3号楼13层1605 ‌34,彭京涛,,,,2025-07-11 18:06:28,Yes
244,北京爱德乐科技发展有限公司,13720028317,1449071219@qq.com,北京市通州区新华西街58号院2号楼25层2513,,,,,2025-07-11 18:07:15,Yes
245,保定市朝之悦体育设施有限公司,0312-2010720,iban@126.com,保定竞秀区航标军民融合众创空间1188号等,,,,,2025-07-11 18:08:02,Yes
246,宝光实业(深圳)有限公司,0755-8407,,"是""深圳市龙岗区坪地街道教育中路43号""",是林振元,,,,2025-07-11 18:08:49,Yes
247,百利佳糖果玩具礼品(东莞)有限公司,0769-86533119,pandeng@ylkivee.com; info@bipchina.com,‌: 几乎所有结果一致：广东省东莞市石排镇塘尾村或塘尾工业区,,,,,2025-07-11 18:09:36,Yes
248,奥光动漫集团有限公司,0577-65850798,toy@chinatopbright.com,这个号码在爱企查、中国产品网等平台都有登记,为‌麻桂峰‌‌1,,,,2025-07-11 18:10:24,Yes
249,安徽天启融合文化科技有限公司,0551-65565860,1210231461@qq.com,合肥市庐阳区金寨路327号新鸿安大厦10楼‌12,叫张大鹏‌12,,,,2025-07-11 18:11:11,Yes
250,安徽时代漫游文化传媒股份有限公司,0551-63533416,swrerweds@qq.com; time-anime@tunbaobao.com,在安徽省合肥市蜀山区翡翠路1118号出版传媒广场6楼,,,,,2025-07-11 18:11:58,Yes
251,爱家乐活(深圳)贸易有限公司,0755-22658531,,为深圳市羅湖區建設路1072號東方廣場1402室,,,,,2025-07-11 18:12:45,Yes
252,UNIONTOY (THAILAND)CO LTD,,,泰国公司信息通常可通过泰国商务部数据库或商业注册处查询,,,,,2025-07-11 18:13:32,Yes
253,Toytron Co Ltd,,,"翻看搜索结果时发现几个关键点：‌1提到""特易玩具(香港)有限公司""的英文名是Troy Toy (HK) Co.",,,,,2025-07-11 18:14:19,Yes
254,Thirdstage,,,未直接找到名为“Thirdstage”的机构或企业的联络资料,,,,,2025-07-11 18:15:07,Yes
255,Starplast Industries (1967) Ltd,,,传真号码的以色列区号972和Haifa地址都验证了信息的可信度,,,,,2025-07-11 18:15:54,Yes
256,SM Co Ltd,0755-86100786,,‌：上海市长宁区中山西路1277号海螺大厦一号楼603室 ‌23,都是同一个人‌4,,,,2025-07-11 18:16:41,Yes
257,Scentco Inc.,0852-24551000,,可能是：0852-24551000（这看起来像电话号码）,,,,,2025-07-11 18:17:28,Yes
258,Popar,,,为广西南宁市隆安县那桐镇福南路6号‌4,,,,,2025-07-11 18:18:15,Yes
259,"PLAN CREATIONS CO., LTD",+32475758493,,这里有个疑问：为什么泰国公司会有比利时区号的电话？可能是国际业务联系方式,,,,,2025-07-11 18:19:03,Yes
260,OID MAGIC,,,‌：香港中环干诺道133号盟邦商业中心802室（RM 802 ALLIANCE BLDG 133 CONNAUGHT RD CENTRAL HON,,,,,2025-07-11 18:19:50,Yes
261,Livheart中国事务所&南京樱之铭纺织有限公司,025-85866416,,信息则完全统一：建邺区嘉陵江东街8号B3幢1单元15层‌23,,,,,2025-07-11 18:20:37,Yes
262,LATEX OCCIDENTAL EXPORTADORA SA DE CV,+1-855-374-1199,,,,,,,2025-07-11 18:21:24,Yes
263,LAP-BIELLA,13370032884,,上海市嘉定区曹安公路2038号华拓大厦410室,,,,,2025-07-11 18:22:11,Yes
264,IZone Co Ltd,82-7043226536,,"明确到""上海市石龙路345弄春天商务楼""",,,,,2025-07-11 18:22:59,Yes
265,IMC TOYS,31072020,alex@imc-hk.net; kingwang@changlitoys.com,在尖沙咀么地道77号华懋金殿广场1210室,,,,,2025-07-11 18:23:46,Yes
266,"Gymworld Co,.Ltd",2-67142252,,在上海市闵行区虹莘路3998号7楼701室,,,,,2025-07-11 18:24:33,Yes
267,Guidecraft Inc. USA,,,出现在搜索结果中：上海市浦东新金桥路58号16E‌3,,,,,2025-07-11 18:25:20,Yes
268,EDTOY,0769-82211986,edytino@163.com,北京市海淀区阜石路69号碧桐园8号楼,,,,,2025-07-11 18:26:07,Yes
269,Asia Inspection Ltd.,852-53971914,aihr@asiainspection.com,广州市白云区广园中路218号1楼,,,,,2025-07-11 18:26:54,Yes
270,东莞市凌力电池有限公司,0769-22271791,290873083@qq.com,以及国内贸易、国外贸易、配套/OEM三条业务线的专人联系方式,,,,,2025-07-11 18:27:42,Yes
271,东莞市蓝威自动化科技有限公司,0769-81088679,2301649325@qq.com; lw88978686@163.com,玩具喷油机-小型喷涂机-全自动喷漆设备-非标自动化-东莞市蓝威自动化科技有限公司,,,,,2025-07-11 18:28:29,Yes
272,东莞市炬丰橡胶制品有限公司,0769-82870000,,在多个结果中都提到是寮步镇凫山工业区兴山路125号‌23,、执行董事兼经理,,,,2025-07-11 18:29:16,Yes
273,东莞市金诩玩具有限公司,0769-85594444,709935366@qq.com; MAGGIE@LIHONGTOYS.COM,"**&zwnj;：广东省东莞市厚街镇溪头村工业区 ‌:ml-citation{ref=""1",姓名在‌2是方旭,,,,2025-07-11 18:30:03,Yes
274,东莞市嘉虹实业有限公司,0769-86218881,1487472892@qq.com; qc@fenduole.com,"基本都是""东莞市东城街道桑园裕高路3号""‌810",,,,,2025-07-11 18:30:50,Yes
275,东莞市虎门可卡多塑胶礼品厂,13556696528,,东莞市虎门镇北栅社区西坊村西坊路66号西安楼5-6楼两层（2015年变更前）‌1,手机栏,,,,2025-07-11 18:31:37,Yes
276,东莞市合旺橡胶制品有限公司,86-076988877111,hewangeva@21cn.net,东莞市石碣镇鹤田厦工业区富田路18号,,,,,2025-07-11 18:32:25,Yes
277,东莞市广发橡胶制品有限公司,0769-82990955,guangfarubber@163.com; 1361587614@qq.com,"演化痕迹：注册地址‌7的""香芒西路北三街5号""与官网的生产地址不同",赵修海联系方式覆,,,,2025-07-11 18:33:12,Yes
278,东莞市富溢玩具有限公司,18826950669,2563443762@qq.com,"描述最详细的是‌1和‌2提到的""东莞市茶山镇塘角村福船江工业区""",姓名为方英爱,,,,2025-07-11 18:33:59,Yes
279,东莞市福悦贸易有限公司,813258907,813258907@qq.com,‌：廣東省東莞市樟木頭鎮柏地社區東城路5號御景綜合商場四樓402室‌12,陳飛‌13,,,,2025-07-11 18:34:46,Yes
280,东莞市大应发电子科技有限公司,0769-82092566,,"""凤岗镇油甘埔村南岸南岭路25号3楼右边厂房""",、执行董事及经理,,,,2025-07-11 18:35:33,Yes
281,东莞市磁宇宙玩具有限公司,13310811029,2811186614@qq.com; 53324500@qq.com,广东省东莞市大朗镇黄京埔北路1号4栋603室‌12,为‌周芬‌‌34,,,,2025-07-11 18:36:20,Yes
282,东莞市车小秘智能科技有限公司,0769-23079592,121266665@qq.com; 592740113@qq.com,在东莞市松山湖园区工业南路4号2栋210室,,,,,2025-07-11 18:37:07,Yes
283,东莞市滨发玩具有限公司,15019126695,2421601205@qq.com; 13556623737@139.com,方面出现两个版本：茶山镇南塘路19号3号楼101室是最新且一致的记录‌12,‌：张滨（企业负,,,,2025-07-11 18:37:55,Yes
284,东莞欧肯智能科技有限公,81355122,caiwu2.pmpf@duanggroup.com; sindy.fm@pmpf.com.cn,在广东省东莞市松山湖园区工业南路8号1栋403室,是张佩,,,,2025-07-11 18:38:42,Yes
285,东莞欧肯智能科技有限公司,18825715630,sindy.fm@pmpf.com.cn,‌2和‌4提到的茶山镇伟建路30号应该是旧地址,,,,,2025-07-11 18:39:29,Yes
286,东莞俐噢玩具贸易有限公司,0769-86920168,sales@vivishop.com.hk; 2732989928@qq.com,信息最完整的是‌4和‌5：广东省东莞市石排镇东园大道石排段172号103室这个地址在多个高可信度来源中一致出现‌45,,,,,2025-07-11 18:40:16,Yes
287,东莞康达玩具礼品有限公司,914419007520,316@kangda.org.cn,为广东省东莞市茶山镇伟建路11号2号楼,‌：温国雄（董事,,,,2025-07-11 18:41:03,Yes
288,东莞佳恒玩具有限公司,0769-86324502,hj02-05@163.com,最常出现的是东莞市寮步镇田南街1号‌12,是施少锋‌12,,,,2025-07-11 18:41:51,Yes
289,东莞环亚高科电子有限公司,13826970197,clyang@gsl.com.cn,地址在东莞市长安镇乌沙振源路12号‌12,/高管/股东,,,,2025-07-11 18:42:38,Yes
290,东莞华旺实业有限公司,18825894286,,‌：广东省东莞市茶山镇马鞍路15号1号楼‌69,,,,,2025-07-11 18:43:25,Yes
291,东莞比高模型制品有限公司,0769-81866863,l.wu@piko.cn; x.du@piko.cn; coco.chen@piko.cn,"最后考虑加个注意点：工商信息中法定代表人显示为""威尔福""（‌1）","显示为""威尔福""",,,,2025-07-11 18:44:12,Yes
292,东莞傲岚电子科技有限公司,13510480810,13510480810@163.com,最直接的公开信息只有两个：注册地址在东莞市凤岗镇碧湖工业大道7号‌12,‌：陈允卿‌23,,,,2025-07-11 18:44:59,Yes
293,迪克斯玩具礼品(上海)有限公司,021-64195611,elena@tickles-gifts.com; sales@tickles-gifts.com,是最需要留意的——‌1、‌2、‌5等多数资料显示总部在黄浦区傅家街65号南楼289室,,,,,2025-07-11 18:45:47,Yes
294,迪克森文具(昆山)有限公司,0512-36862666,XXXX.ks@filadixon.com,‌：江苏省昆山市千灯镇季广中路211号‌12,信息在‌4、‌7,,,,2025-07-11 18:46:34,Yes
295,大森林玩具厂,0754-85113395,,‌：汕头市澄海区莲下镇槐泽村东瓜湖工业区1路2号‌89,,,,,2025-07-11 18:47:21,Yes
296,大连坐标数码科技有限公司,0411-39577167,info@xyz-digi.com,信息也有差异：搜索结果‌78显示的办公地址为“亿阳路6A号三丰大厦17层”‌78,,,,,2025-07-11 18:48:08,Yes
297,大连子峰科技发展有限公司,0411-84311666,1472714736@qq.com; zifengkeji@163.com,大连子峰科技发展有限公司 聯絡資料,的信息存在两个版,,,,2025-07-11 18:48:55,Yes
298,大连占百洛玩具有限公司,0411-86182109,info@dreambeyond.cn,‌：辽宁省大连高新技术产业园区龙王塘街道思亲路32号 ‌26,王培超的名字在多,,,,2025-07-11 18:49:42,Yes
299,大连新锐天地传媒有限公司,0411-39581266,451714343@qq.com,采用高新园区火炬路7号与高能街42号双版本,赵良华手机188,,,,2025-07-11 18:50:30,Yes
300,大连反斗城玩具进出口有限公司,0411-84311666,1472714736@qq.com,矛盾需要处理：西岗区胜利路131号作为注册地址出现在七条记录中‌12,张金红的信息只在,,,,2025-07-11 18:51:17,Yes
301,达琦华声电子(深圳)有限公司,13509629005,sm-wu@tatkei.com.cn,就是要找企业的电话、地址、邮箱等联络信息,,,,,2025-07-11 18:52:04,Yes
302,达尔能电子科技(惠州)有限公司,0752-5715787,chinasales@dynamicscientific.com; lynn@dynamicscientific.com,是惠州市惠阳区秋长街道维布村布二塘背新村153号3楼‌12,‌：何国栋,,,,2025-07-11 18:52:51,Yes
303,词右商贸(上海)有限公司,86-21-54573781,hogan@grampusport.com,浦东新区南汇新城镇环湖西二路888号C楼,,,,,2025-07-11 18:53:38,Yes
304,成都市学前宝贝玩具有限公司,028-85173869,112262022@qq.com,是成都蛟龙工业港双流园区淮河路7座(166号),‌：周玉寒‌14,,,,2025-07-11 18:54:25,Yes
305,潮州市凯裕科技实业有限公司,0768-8705838,1554664260@qq.com,所有来源‌16都指向饶平县钱东镇多年楼村铁汫线旁,,,,,2025-07-11 18:55:12,Yes
306,潮州市潮安区浮洋镇俊荣陶瓷厂,0754-5222968,,潮州市潮安区浮洋镇俊荣陶瓷厂 聯絡資料,及联系人为吴银财,,,,2025-07-11 18:55:59,Yes
307,常州市武进大裕乳胶制品有限公司,(0519)3631467,zhangdan@shhouxin.cn,信息出现了三个版本：邹区镇前王村（‌12）、广源路132号（‌56）、工业园区（‌8）,代表和联系人,,,,2025-07-11 18:56:47,Yes
308,常州市欢乐玩具有限公司,0519-88316978,15051956800@163.com,‌：江苏省常州市武进区横林镇镇西村（或镇西开发区）‌23,为陈军‌25,,,,2025-07-11 18:57:34,Yes
309,杭州环宇企业有限公司,0571-63341888,kebin@playwelltoy.com.cn,‌1显示该公司地址是浙江省新登镇登城南路1号,,,,,2025-07-11 18:58:21,Yes
310,杭州福安进出口有限公司,0571-87584977,49@163.com,凯旋路339号；‌2显示公司位于秋涛北路178号201室；‌3又给出另一个号码0571-87584977；‌4补充了手机号1330‌****‌585和邮箱；‌56则提到公司官网和成立时间等信息,‌：季善真‌25,,,,2025-07-11 18:59:08,Yes
311,杭州锋奇光动贸易有限公司,,dongningjia@dobest.com,在杭州市余杭区良渚街道金昌路2008、2010号2幢476室,,,,,2025-07-11 18:59:55,Yes
312,杭州超瑞科技有限公司,13588475299,1075540296@qq.com; jxlyl5971@163.com,用户可能正在寻找合作或业务联系的方式,信息,,,,2025-07-11 19:00:42,Yes
313,罕莎贸易(苏州)有限公司,0512-65953090,Shishang202@foxmail.com; duxj@shishangbo.cn; shishi214@shi-shang.net.cn,江苏省苏州市工业园区胜浦路168号建胜信息产业园3号楼B栋,,,,,2025-07-11 19:01:30,Yes
314,海豚传媒股份有限公司,027-87296665,haituntl@126.com; 57897420@qq.com,但具体楼栋存在新旧两个版本：雄楚大街268号出版文化城‌1和融科智谷工业项目二期B2号楼‌25,,,,,2025-07-11 19:02:17,Yes
315,广州亿奇创绘商务服务有限公司,020-89209610,1877628831@qq.com,越秀区解放南路123号2501房自编2516-2518房号得到‌1、‌6、‌2等多方交叉验证,,,,,2025-07-11 19:03:04,Yes
316,广州星原文化科技股份,020-83830222,18802079347@qq.com,广州市番禺区大石街石北工业路644号(巨大创意产业园)11栋801、802、803,信息也有更新,,,,2025-07-11 19:03:51,Yes
317,广州星逸文化有限公司,020-36088801,419255816@qq.com; 1278748309@qq.com,广州市白云区鹤龙街尖彭路22号C栋401室,不同,,,,2025-07-11 19:04:38,Yes
318,广州新节奏智能科技股份有限公司,020-38240997,info@nshow.com; info@n-show.com.cn,在多个来源中都指向广州市天河区花城大道770号‌13,,,,,2025-07-11 19:05:25,Yes
319,广州童趣乐玩具厂有限公司,86-20-37591493,IAN@ARTKIDS.CN,是广州市白云区太和镇谢家庄永和路26号A、B、C栋(自主申报),,,,,2025-07-11 19:06:13,Yes
320,广州糖潮动漫科技有限公司,13502069009,13503069009@139.com,广州市荔湾区花蕾路10号1001室,曾润权,,,,2025-07-11 19:07:00,Yes
321,广州四喜人玩具有限公司,020-81019253,sixirenhr@qq.com,有三个不同版本：‌1提到长堤大马路318号铧厦商业中心906室,为骆运章,,,,2025-07-11 19:07:47,Yes
322,广州四联玩具有限公司,18026256348,7248067@qq.com,‌1和‌2都指向番禺区洛浦街地址,信息（詹新权）在,,,,2025-07-11 19:08:34,Yes
323,广州市添铭意贸易有限公司,020-81243108,384129468@qq.com,‌1、‌2和‌3都明确提到公司地址是广州市越秀区东风西路187号706房,陈文霞,,,,2025-07-11 19:09:21,Yes
324,广州市久游动漫科技有限公司,020-31192833,info@gz9u.com; 2321518085@qq.com,在广州市番禺区南村镇坑头东线路二横路9号,余计强和200万,,,,2025-07-11 19:10:08,Yes
325,广州市缙华磁性材料有限公司,020-36300519,info@magtrust.com,在多个结果里都指向白云区黄石东路/黄园路一带‌12,代表始终是宋跃卫,,,,2025-07-11 19:10:55,Yes
326,广州融恩文化发展有限公司,18922103550,18922103550@qq.com,‌23六份独立信源都确认位于广州市天河区建中路64,,,,,2025-07-11 19:11:43,Yes
327,广州普肇贸易有限公司,,,和实体经营地址要区分标注；二是电商平台链接优先提供最新且高可信度的；三是电话号码只取工商注册信息核实的号码,是马坚廷,,,,2025-07-11 19:12:30,Yes
328,广州沛通玩具有限公司,13534079880,13826469153@163.com,‌：广州市越秀区解放南路123号10D、10C自编1005-1009自编A13（集群企业）‌13,,,,,2025-07-11 19:13:17,Yes
329,广州叻猫动漫文化有限公司,020-37304282,25383852@qq.com; youxiang@123.com,在广州市荔湾区人民中路555号1221室（仅限办公）,王玉仪,,,,2025-07-11 19:14:04,Yes
330,广州番禺奇幻玩具有限公司,020-34912618,zxiao@acctron.net.cn; zxia@acctron.net.cn; 717491310@qq.com; 1074972341@qq.com,在多个来源中保持一致：广州市南沙区东涌镇太石工业区标准工业园厂房3号1-3层,,,,,2025-07-11 19:14:51,Yes
331,广州创亚科技有限公司,13509299569,13509299569@qq.com,‌：广州市花都区花都永发路16号1栋1001房‌12,骆文辉,,,,2025-07-11 19:15:38,Yes
332,广州创曦玩具有限公司,020-81054605,ella@sampartners.com.cn,明确是广州市荔湾区中山七路65号富邦中心的2210-2211室‌12,独资企业,,,,2025-07-11 19:16:26,Yes
333,广州布桐布趣文化有限公司,18520594133,372952018@qq.com,广州布桐布趣文化有限公司对外投资企业查询 - 天眼查,代表、地址等,,,,2025-07-11 19:17:13,Yes
334,广州贝斯乐游乐设备有限公司,13922401608,1261940508@qq.com; 287750751@qq.com,是广州市番禺区沙湾街福涌村福正东街2号2栋,代表和成立时间等,,,,2025-07-11 19:18:00,Yes
335,广州艾考企业信息咨询有限公司,020-81030389,hr.admin@askideagroup.com; 66568264@qq.com; maggie.li@askideagroup.com,广州市荔湾区周门路18号广州设计港203室,或高管,,,,2025-07-11 19:18:47,Yes
336,广西南宁聚象数字科技有限公司,0771-5384355,84426971@qq.com; 729642351@qq.com; lxj@jx3d.cn,广西南宁市青秀区民族大道92-1号新城国际20楼2009室‌23,是梁晓静,,,,2025-07-11 19:19:34,Yes
337,广腾玩具有限公司,0768-2306719,,‌：广东省潮州市湘桥区凤山村新洋路西侧柑桔园（工业区B区一幢工业楼第九楼）‌2,肖齐同时控制陶瓷,,,,2025-07-11 19:20:21,Yes
338,广东振丰科教玩具有限公司,0754-86380558,chzfgm@163.com; sale@lozideas.com,汕头市澄海区广益街道新市区登峰路南侧‌23,陈泽鑫‌23,,,,2025-07-11 19:21:09,Yes
339,广东信宇科技股份有限公司,754-85513333,tina@xq-toys.com,最核心的信息是企业官网提供的联系方式：固定电话是86-754-85513333,,,,,2025-07-11 19:21:56,Yes
340,广东新乐新科教文化股份有限公司,0754-87229600,xinlexin@vip.163.com; ad@xinlexin.com,结果6提到公司地址是汕头市澄海区莲下镇沟内工业区,王跃辉,,,,2025-07-11 19:22:43,Yes
341,广东沃马动漫玩具有限公司,0754-85852289,woma@woma.cc; 348054790@qq.com,看企业信用报告显示后者可能性更高,陈群雄‌34,,,,2025-07-11 19:23:30,Yes
342,广东伟力智能科技有限公司,0754-88093433,master@wlmodel.com; 76733630@qq.com,广东伟力智能科技有限公司 - 企业股权穿透图 - 企业关系信息查询 - 爱企查,信息也有分歧：‌,,,,2025-07-11 19:24:17,Yes
343,广东童年之家实业有限公司,13005864218,924@qq.com; 3328152905@qq.com,‌：清远市清城区石角镇广州(清远)产业转移工业园创新路7号（邮编：511545）‌13,,,,,2025-07-11 19:25:04,Yes
344,广东双鹰玩具实业有限公司,0754-85701666,3004326383@doubleeagle.cc; export@doubleeagle.cc,"信息比较统一：所有提及地址的搜索结果‌15都指向""汕头市澄海区兴达工业区""",,,,,2025-07-11 19:25:51,Yes
345,广东盛隆玩具实业有限公司,0754-83250111,.vivian@shenglongtoys.cn; 362685061@qq.com,广东盛隆玩具实业有限公司 聯絡資料,、电话、邮箱、官,,,,2025-07-11 19:26:39,Yes
346,广东胜雄玩具实业有限公司,0754-85864028,2853227151@qq.com; shengxiongtoys@163.com,"信息存在两个版本的问题：搜索结果‌5和‌6提到""文冠路北侧怀汉路中段""",,,,,2025-07-11 19:27:26,Yes
347,广东省揭阳市试验区瑞祥玩具厂,0754-86322909,,"后更新为""揭阳市榕城区京冈街道中心路西、西五横路南""‌23",‌1,,,,2025-07-11 19:28:13,Yes
348,广东青艺智造文化有限公司,85334828,002@sinovan.net,关于广东青艺智造文化有限公司玩具生产项目《建设项目环境影响报告表》审批前公示,,,,,2025-07-11 19:29:00,Yes
349,广东美业电子科技有限公司,0754-85897030,103825878717@139.com; 08@yahoo.cn; oys@126.com; 13825878717@139.com,‌1：提供电话0754-85897030、邮箱13825878717@139.com、地址汕头市澄海区广益登峰路广峰工业区,,,,,2025-07-11 19:29:47,Yes
350,广东美橙玩具科技有限公司,0663-3290811,sales@chinatoytoy.com,广东省揭阳市揭东经济开发区迎宾路,,,,,2025-07-11 19:30:35,Yes
351,广东利懋科技有限公司,0754-85635027,1850898305@qq.com,‌：广东省汕头市澄海区澄华街道美埭工业区沙坝墘（滨江路尾）‌13,‌：张壮彬‌45,,,,2025-07-11 19:31:22,Yes
352,广东乐博士教育装备有限公司,020-89629146,3002737612@qq.com,信息最统一的是广州市海珠区宸悦路26号(G-2栋)510房‌12,,,,,2025-07-11 19:32:09,Yes
353,广东可儿玩具有限公司,0757-86307783,604478842@qq.com; fd@kurhn.com; 2880615202@qq.com,在佛山市南海区桂城街道深海路17号瀚天科技城A区8号楼十一楼1102单元,是黄金侠,,,,2025-07-11 19:32:56,Yes
354,广东凯利达科技有限公司,852-36925418,kaliti13@kaliti.com; kaliti56@kaliti.com; sales@kimyon.com.hk; kaliti@kaliti.com; 411592805@qq.com,是广州新港中路456号纵横公寓1634室,,,,,2025-07-11 19:33:43,Yes
355,广东金奇进出口有限公司,0754-5168819,DONGHONG@163.com; 53347922@qq.com,‌：广东省汕头市澄海区国道324线莲下路段金奇大厦‌12,‌：王道安‌23,,,,2025-07-11 19:34:30,Yes
356,广东揭阳市格丽达玩具厂,0663-8772518,,揭阳市榕城区格丽达玩具厂联系电话邮箱网址地址,‌：谢旭滨‌23,,,,2025-07-11 19:35:17,Yes
357,广东江门新艺塑胶制品厂,0750-6577900,,江门市新会区司前镇新艺塑料制品厂电话,及厂长）‌23,,,,2025-07-11 19:36:05,Yes
358,广东环奇电子科技有限公司,0754-85815951,hqtoys@hqtoys.com,‌：广东省汕头市澄海区城区莱美路中段凤新三路西侧‌13,‌：陈少先‌35,,,,2025-07-11 19:36:52,Yes
359,广东欢趣科技有限公司,,,是广州市天河区广园东路2193号205房,‌：黄少丹‌12,,,,2025-07-11 19:37:39,Yes
360,广东哈一代玩具股份有限公司,0769-8110-1234,hayidai@hayidai.com,‌：广东省东莞市寮步镇祥富路351号1栋101室‌2,信息和地址具有法,,,,2025-07-11 19:38:26,Yes
361,广东高乐玩具股份有限公司,0663-2378133,wxb987@163.com; info@goldloktoys.com,广东省普宁市池尾街道塘边村塘边里东片168号 ‌72,,,,,2025-07-11 19:39:13,Yes
362,广东富利时实业有限公司,0769-22889889,fairness@fairness.cn,广东富利时实业有限公司 聯絡資料,、邮箱、官网、经,,,,2025-07-11 19:40:00,Yes
363,广东飞轮科技股份有限公司,0754-85717755,feiluntoys@163.com,"高度统一指向""汕头市澄海区凤翔街道莱美工业区海升路""",‌蔡少扬‌,,,,2025-07-11 19:40:48,Yes
364,广东贝尔康幼教设施有限公司,0752-582,1450042470@qq.com,深圳办公地址在龙华区观澜街道竹园工业区26号或格澜郡商业街B栋308号‌13,,,,,2025-07-11 19:41:35,Yes
365,广东邦宝益智玩具股份有限公司,0754-88118310,598073588@qq.com; zqb@mubon.com.cn; lys@banbao.com,一致性：所有结果（‌1、‌5、‌3等）都指向汕头市金平区潮汕路金园工业城13-09片区,,,,,2025-07-11 19:42:22,Yes
366,广东奥斯尼玩具实业有限公司,0754-85892889,i@ausini.com; asini@asini.com,是广东汕头澄海广峰工业区玉潭北路,信息在多个来源有,,,,2025-07-11 19:43:09,Yes
367,高丽宝贝,,,"(中文) 浙江省丽水市云和县浮云街道城中路48号""","-""",,,,2025-07-11 19:43:56,Yes
368,港基实业有限公司,18320892123,284480942@qq.com,‌：中国(福建)自由贸易试验区厦门片区海沧新大街27号267室‌12,关联信息查找‌3,,,,2025-07-11 19:44:43,Yes
369,福州中商贸易有限公司,13599051412,13067401177@139.com,注意到‌5的地址信息更详细具体——金山工业区的办公地址附带乘车指引,,,,,2025-07-11 19:45:30,Yes
370,福州赛铃工艺品有限公司,0591-2262,476796804@qq.com,在福州市台江区上海街道工业路360号(原怡园路东侧)中央第五街1号楼22层10办公,张沛章出现在多个,,,,2025-07-11 19:46:18,Yes
371,福建省风车文化创意有限公司,0591-88026602,2402729226@qq.com,信息高度统一：福建省福州市马尾区江滨东大道68-1号蓝波湾1号楼7层05单元,许立勋‌25可直,,,,2025-07-11 19:47:05,Yes
372,福建铭塔玩具股份有限公司,18659966888,service@mingta.com,‌12——福建浦城工业园区二期6号,,,,,2025-07-11 19:47:52,Yes
373,福建茂园工艺品有限公司,0596-8627118,cqf@maestropuzzle.com,信息所有结果都指向漳州市常山华侨经济开发区溪墘管区富城路1号‌2、‌6、‌5等,吗？,,,,2025-07-11 19:48:39,Yes
374,福建蓝帽子互动娱乐科技股份有限公司,13302207600,xyy@bluehatgroup.net; 345926191@qq.com; bluehat@bluehatgroup.net,福建省福州市鼓楼区软件大道89号福州软件园C区3号楼409室,代表、电话133,,,,2025-07-11 19:49:26,Yes
375,福建东南艺术纸品股份有限公司,0594-2060109,2355727831@qq.com; 3001609293@qq.com,信息高度一致：福建省莆田市城厢区华亭镇竹林路155号在‌1、‌4、‌6等多处重复出现,‌：谢振寰,,,,2025-07-11 19:50:13,Yes
376,福安市艺园工艺品厂,15306059975,447675261@qq.com,福建省宁德市福安市阳头街道广场北路127号广益街7幢1梯A202室; 可信程度非常高（2025-06-09）,代表:缪秋景;,,,,2025-07-11 19:51:01,Yes
377,佛山市智拓星儿童用品有限公司,0757-87383650,245095008@qq.com,广东佛山三水区乐平镇中心科技工业园B区38号,叶承晖,,,,2025-07-11 19:51:48,Yes
378,佛山市长飞文具有限公司,0757-8588,806460059@qq.com,"信息：‌1、‌2、‌3、‌4等多个来源都提到""佛山市南海区官窑大岗壹(涌边田)""这个地址","""结构组织信息",,,,2025-07-11 19:52:35,Yes
379,佛山市依妈咪儿童用品有限公司,0757-2552,,信息需要交叉验证：结果1和3都指向顺德区勒流新安村委会富安工业区(一期)10-6号地块之七‌12,叶礼发,,,,2025-07-11 19:53:22,Yes
380,佛山市天衡进出口有限公司,0757-81287860,411671936@qq.com; planningmgrfs@tianhengkids.cn,是佛山市南海区桂城街道佛平三路1号金色领域广场3座3924室,,,,,2025-07-11 19:54:09,Yes
381,佛山市舜富文具有限公司,82520648,309805233@qq.com; 895153775@qq.com; lili@chinasunfun.com.cn,所有可靠来源都指向禅城区南庄镇吉利工业园新源路一路厂房‌56,梁志雄的信息,,,,2025-07-11 19:54:57,Yes
382,佛山市南海区长美玩具有限公司,0757-81090188,1215024075@qq.com,‌：佛山市南海区狮山镇官窑群岗大岗东官里公路以南（土名白母墩）自编1A厂房（可能与分支机构相关）‌34,/高管/股东,,,,2025-07-11 19:55:44,Yes
383,非凡部落(北京)科技有限公司,18600679240,52717278@qq.com,北京市朝阳区广顺南大街16号嘉美中心1115室（这是参展地址）,,,,,2025-07-11 19:56:31,Yes
384,东阳市泰康文体用品有限公司,86-0579-86366588,china-jingjing@163.com; taikangwenti@163.com,中国 浙江 义乌市 国际商贸城H区西二楼二街24134/24135/24136,陆俊彪,,,,2025-07-11 19:57:18,Yes
385,东阳奇智玩具有限公司,0579-86131122,1127662378@qq.com; kigitoys@sohu.com; 957197061@qq.com,浙江省金华市东阳市江北街道月亮湾社区小唐表9栋1号(自主申报),,,,,2025-07-11 19:58:05,Yes
386,东莞永捷塑胶制品有限公司,0769-2292870,zhaopin@wingchit.com.cn; tracyzeng@wingchit.com.cn,"变更为""东莞市石排镇东园大道石排段172号""",黄玉玲,,,,2025-07-11 19:58:52,Yes
387,东莞永辉轻胶制品有限公司,020-89010346,fanwingfc@126.com,冲突时优先采用高可信度的沿河路3号‌45,‌：张媛平‌45,,,,2025-07-11 19:59:40,Yes
388,东莞英德玩具塑胶电子有限公司,0769-22295251,zhaopin@intextoys.cn; info@intextoys.cn,"广东 东莞市 东城区温塘温周路温塘中路138号""",,,,,2025-07-11 20:00:27,Yes
389,东莞银辉玩具有限公司,0769-85551910,sltoys@silverlit.com; wt.lucky@silverlit.com,是成都市西御街8号西御大厦A座20楼B型,独资企业,,,,2025-07-11 20:01:14,Yes
390,东莞稳健印刷有限公司,0769-83795333,,但‌2的523470更具体且来自生产部门联系人,,,,,2025-07-11 20:02:01,Yes
391,东莞甜甜百利佳贸易有限公司,0769-81277277,374077958@qq.com,营业执照税号914419006964427119:东莞甜甜百利佳贸易有限公司,,,,,2025-07-11 20:02:48,Yes
392,东莞天志木制品有限公司,0769-81928168,,‌：多个来源一致给出：广东省东莞市企石镇上截村黄金积工业区（例如 ‌2、‌3、‌4、‌5、‌6、‌9）,,,,,2025-07-11 20:03:36,Yes
393,东莞太达礼品商贸有限公司,076987752466,hongshufang.mt@maycheonggroup.com.cn; 591695520@qq.com,：东莞市凤岗镇美达工业城一栋一楼；电话：076987752466；手机：15876403312；邮箱：591695520@qq.co,,,,,2025-07-11 20:04:23,Yes
394,东莞斯固迈捷教育用品有限公司,0769-83937928,,东莞斯固迈捷科技有限公司-企业工商信用信息,是邵连意,,,,2025-07-11 20:05:10,Yes
395,广东思成智能玩具有限公司,0769-26260178,service@sising.com.cn; yewen@sising.com.cn; 784899379@qq.com,万江创新路2号1栋601室（最新）和水蛇涌社区泰新路165号（旧地址）‌23,邹锦华和55人团,,,,2025-07-11 20:05:57,Yes
396,东莞市源康毛绒玩具有限公司,13826908739,2880260065@qq.com,寮步镇竹园村元英路十号在‌12反复出现,,,,,2025-07-11 20:06:44,Yes
397,东莞市宇童塑胶制品有限公司,15989622530,1601361006@qq.com,广东省东莞市茶山镇景联路10号1号楼,李基芬,,,,2025-07-11 20:07:32,Yes
398,东莞市永奇玩具科技有限公司,076982608669,financial01@fmagictoys.com,广东东莞常平镇环常南路229号503室,马旭兵,,,,2025-07-11 20:08:19,Yes
399,东莞市星鼎实业有限公司,0769-22200109,lorenna@shing-ding.com; 362380790@qq.com; 13712532928@139.com,在东莞市东城街道温竹路东城段7号1栋‌12,周庆祥关联‌25,,,,2025-07-11 20:09:06,Yes
400,东莞市欣吉富塑胶制品有限公司,13829138829,xjfevasj@163.com,东莞市凤岗镇浸校塘村环村路27号‌24,崔文芳‌910,,,,2025-07-11 20:09:53,Yes
401,东莞市威豪模型科技有限公司,13560805282,mingxia56@163.com; sales@joysway-hobby.com,"信息：多个来源都显示公司位于""东莞市万江区新村社区光辉大道141号""‌12",黄顺兴‌35,,,,2025-07-11 20:10:40,Yes
402,东莞市玩乐童话婴儿用品有限公司,13929447453,2320143671@qq.com,：茶山镇横江富江二路15号1号楼 ‌5）,王振,,,,2025-07-11 20:11:27,Yes
403,东莞市思倍客实业投资有限公司,,,是广东省东莞市南城街道宏北路18号2212室,是马丽红,,,,2025-07-11 20:12:15,Yes
404,东莞市琦佳玩具有限公司,0769-88031152,2103845880@qq.com,信息在‌23高度一致：东莞市长安镇新安社区横中路（具体门牌号有5号C栋三楼/13号509室两种表述,刘倩和邮箱210,,,,2025-07-11 20:13:02,Yes
405,东莞市奇骏玩具制衣有限公司,13421947168,70@qq.com; 122278351@qq.com,在2024年3月变更为茶山镇塘边塘督四巷7号2号楼401房‌3,在企查查‌3、天,,,,2025-07-11 20:13:49,Yes
406,东莞市其钜模型制品有限公司,13556685533,2134199378@qq.com,东莞市厚街镇河田村湖景大道南林山工业区3号之一（历史注册地）‌513,,,,,2025-07-11 20:14:36,Yes
407,东莞市品优玩具有限公司,18977711644,960@qq.com; 601@qq.com,广东省东莞市茶山镇塘角花园新村大街4号101室,陆秋凤,,,,2025-07-11 20:15:23,Yes
408,东莞市诺峰实业有限公司,0769-82036808,84798838@qq.com; suzie@zing.toys,东莞市樟木头镇金河社区金河路34号,,,,,2025-07-11 20:16:10,Yes
409,宁波贝磁玩具有限公司,13429382998,info@neoformers.com; 13429382998@qq.com,（当前主要地址）‌：浙江省宁波市奉化区经济开发区滨海新区滨港路298号A幢南面一、二楼（自主申报）‌13,‌：吕新民‌14,,,,2025-07-11 20:16:57,Yes
410,宁波傲文进出口有限公司,13777203058,24858025@qq.com; 75277245@qq.com,后期迁至海曙区聚才路（‌23）,‌：夏胜文‌41,,,,2025-07-11 20:17:45,Yes
411,宁波爱贝斯特儿童用品有限公司,13586693616,1572705536@qq.com; yuyongqing@ABST.onaliyun.com,‌：浙江省寧波東錢湖旅遊度假區梅金路3號‌35,喻永清的号码,,,,2025-07-11 20:18:32,Yes
412,宁波爱贝比贸易有限公司,0574-63935687,604081353@qq.com,信息存在新旧版本：‌2和‌1记录的慈溪市坎墩街道孙方村是早期地址,,,,,2025-07-11 20:19:19,Yes
413,南通钰乐工艺玩具有限公司,1084645365,eurofield@chntoy.com; 1084645365@qq.com,"信息反而最统一：所有含地址的搜索结果‌14都指向""江苏省南通经济技术开发区通州路20号""",代表梅萌的信息‌,,,,2025-07-11 20:20:06,Yes
414,南通天元玩具礼品有限公司,13862857808,492220118@qq.com,"""南通市海门区海门街道河海东路99号""最规范‌4",翟兵（兼任执行董,,,,2025-07-11 20:20:53,Yes
415,南通明德塑胶有限公司,0513-88592889,78820267@qq.com,江苏南通市如皋磨头工业园12-18号,,,,,2025-07-11 20:21:41,Yes
416,南通绿美佳塑胶有限公司,13584685888,254147071@qq.com; rgsptzk@126.com,(环评受理公示)南通绿美佳塑胶有限公司年产EVA复合背胶80万平方米项目,是陈晓清,,,,2025-07-11 20:22:28,Yes
417,南宁本吉教学用具有限公司,0771-4891970,service@benjikj.cn,的差异比较有趣：‌45显示沙井街道办富德村八组活动中心楼四楼,是黄俊杰,,,,2025-07-11 20:23:15,Yes
418,南京星芒文化发展有限公司,13805177575,240521003@qq.com,南京浦口浦滨路紫金浦口科技创业特别社区；‌2显示公司位于南京市秦淮区江宁路5号；‌3提到电话0255***3988但号码被隐藏；‌4给出了法定代表人陈晓鸿信息并确认了秦淮区地址；‌5补充了邮箱240521003@qq.,）、电话/邮箱、,,,,2025-07-11 20:24:02,Yes
419,南京万德游乐设备有限公司,025-57237888,wandeplay-hr@163.com; wande@wandeplay.com.cn,溧水区天生桥大道688-1号这个地址相对统一,,,,,2025-07-11 20:24:49,Yes
420,南京瑞斯汀进出口贸易有限公司,18652919180,,南京市雨花台区花神大道8号1栋502室,,,,,2025-07-11 20:25:37,Yes
421,南京金柠檬电子科技有限公司,025-86563462,,‌（2024年6月变更）：江苏省南京市江宁区东山镇科技园4号路以南营宁路3幢308室‌45,是徐子月,,,,2025-07-11 20:26:24,Yes
422,南京海蓓玩具有限公司,025-84574901,anlu@njhappytoy.com; admin@njhappy.com,"所有高可信度来源‌15都一致给出""南京市六合区雄州街道灵瑞路19号""",变更为马玉臣,,,,2025-07-11 20:27:11,Yes
423,魔石沃得(上海)文化创意有限公司,021-52690267,71816204@qq.com,上海市青浦区五厍浜路201号5幢一层A区196室,,,,,2025-07-11 20:27:58,Yes
424,漯河罗弗文具制造有限公司,0395-2682366,market@loufor.com,经济技术开发区轻工食品工业园燕山路56号,,,,,2025-07-11 20:28:45,Yes
425,龙泉市波比启智玩具有限公司,0578-40089198,404134020@qq.com,但第四条显示该企业2012年注册地址在安仁镇西溪工业区‌2,,,,,2025-07-11 20:29:33,Yes
426,龙璟印刷(深圳)有限公司,0755-29877776,2517056023@qq.com,广东省 深圳市 宝安区沙井街道新桥社区新发东路24号1、2、3、4、5、6、7、8、9、10、11、12栋”,,,,,2025-07-11 20:30:20,Yes
427,龙达电子玩具有限公司,0579-85850011,1004162003@qq.com,有三个不同表述：义乌国际商贸城G区店面‌14、福田市场二期店面‌28和上溪镇工业区‌39,,,,,2025-07-11 20:31:07,Yes
428,临沂市鑫祺晟塑胶有限公司,13285499999,,临沂市鑫祺晟塑胶有限公司 联络资料电话,,,,,2025-07-11 20:31:54,Yes
429,临沂市罗庄区鑫华玩具厂,0539-8064213,,‌地址‌：山东省临沂市罗庄区高都街道办事处西高都村‌12,为全新涛,,,,2025-07-11 20:32:41,Yes
430,临沂市罗庄区罗西塑料制品厂,0539-8512888,tianlisujiao@2008.sin.com,厂址在山东省临沂市高新区罗西街道西朱隆村,是钱胜坤,,,,2025-07-11 20:33:28,Yes
431,临沂市河东区艺久彩印厂,0539-8387711,,临沂市河东区艺久彩印厂 聯絡資料,信息在三份报告（,,,,2025-07-11 20:34:15,Yes
432,临沂康悦塑料制品有限公司,13696399676,zhangxuefu1011@163.com; 865236123@qq.com; u1011@163.com,山东省临沂市高新技术产业开发区罗西街道贾庄村946号(一址多照),张丰韬,,,,2025-07-11 20:35:03,Yes
433,临沂浩铖工艺品有限公司,(0539)3667088,404666923@qq.com; sdynwhf@163.com,临沂浩铖工艺品有限公司 聯絡資料,是王胜江,,,,2025-07-11 20:35:50,Yes
434,联合开创电子科技(深圳)有限公司,0755-82805677,PUBLIC@KYD.BNET.NET.CN,是宝安区沙井镇芙蓉工业区芙蓉四路,,,,,2025-07-11 20:36:38,Yes
435,乐高玩具(上海)有限公司,021-33394888,shirley.zheng@lego.com; tracy.guo@lego.com; zw.cc@concernchina.com,"信息需要特别注意——黄浦区天柱山路140号‌56是关联公司""上海乐高玩具有限公司""的地址",,,,,2025-07-11 20:37:26,Yes
436,乐恩教育用品(北京)有限公司,010-68236854,70133796@qq.com; lenedu@126.com,"出现在多个高可信度来源中：‌1显示""北京市海淀区白家疃尚水园1号楼6层612""",张伟‌12,,,,2025-07-11 20:38:13,Yes
437,朗晟商业(长沙)有限公司,400-800-1095,service@lasource.com.cn,信息：多条结果都指向长沙市雨花区韶山中路419号,‌：胡秀兰,,,,2025-07-11 20:39:00,Yes
438,廊坊市永贺乐器有限公司,86-0316-2577888,yonghe@lfyhyq.com,廊坊市永贺乐器股份有限公司企业发展 - 企查查,张艳,,,,2025-07-11 20:39:47,Yes
439,廊坊市斯尔福泡棉制品有限公司,0316-5898998,,‌：廊坊市广阳区新开路2-103号‌58,,,,,2025-07-11 20:40:34,Yes
440,廊坊市金杰立玩具有限公司,18531655333,55455128@qq.com,而座机号码0316-‌****‌800来自企业年报信息‌6,‌：于震‌12,,,,2025-07-11 20:41:22,Yes
441,览意科技(上海)有限公司,18682042306,bruce.song@elanview.com; .song@elanview.com,上海市闵行区中春路7001号2幢3楼C3101室,,,,,2025-07-11 20:42:09,Yes
442,蓝璞丹贸易(上海)有限公司,021-50301935,caiwu@rambutan.com.cn,最新版本是中国(上海)自由贸易试验区金沪路1228号1幢206室‌67,钟新丹的信息在‌,,,,2025-07-11 20:42:56,Yes
443,莱茵技术(上海)有限公司,021-61081188,info@tuv.com,再根據業務需求轉接專人 ‌12,,,,,2025-07-11 20:43:43,Yes
444,昆山乔坤彩印有限公司,13584979363,zx290@qiaokun.com.cn; zx110@qiaokun.com.cn,方面所有结果惊人地一致：盛希路189号（有些写作盛晞路是同音异写）‌12,,,,,2025-07-11 20:44:30,Yes
445,空天慧智(北京)科技有限公司,400-616-4616,clq@spacet.cn,信息很明确：最新登记地址是北京市朝阳区建国路15号院甲1号北岸1292三间房创意生活园区8号楼2层594‌12,‌：王力‌12,,,,2025-07-11 20:45:17,Yes
446,卡乐咪教育信息咨询(上海)有限公司,021-3224,jane@color-me.com.cn,在上海市长宁区临虹路128弄5号楼1层101-B02室,为ADAM,,,,2025-07-11 20:46:05,Yes
447,靖江宏泰玩具有限公司,13805260283,541838712@qq.com,"多个来源如‌1、‌2、‌3都明确提到公司位于""靖江市德裕路22号""",‌：郭君宏‌13,,,,2025-07-11 20:46:52,Yes
448,晋江新菱电子有限公司,0595-85790801,,所有结果都指向安海镇桥头工业区24号或新菱工业大厦‌12,吴小瑜、注册资本,,,,2025-07-11 20:47:39,Yes
449,晋江市深港电子玩具有限公司,0595-85798456,,"信息在多个高可信度来源中一致指向""晋江市安海安平开发区信安路38号""‌12",仍是柯艺山‌23,,,,2025-07-11 20:48:26,Yes
450,晋江市美尔奇儿童用品有限公司,0595-85787104,,‌：福建省泉州市晋江市安海桥头工业区5号‌9,颜嘉仪,,,,2025-07-11 20:49:13,Yes
451,晋江声乐玩具有限公司,85710011,beryl@shengletoys.com; zwtoys@yahoo.com,"方面存在两个版本：早期资料显示在""晋江市安海镇北环工业区""‌34",已变更为尤祖乐‌,,,,2025-07-11 20:50:00,Yes
452,晋江力利玩具有限公司,0595-85729118,53791865@qq.com; 8527185@hotmail.com,信息比较统一：‌23都指向晋江市安海镇兴西工业区,,,,,2025-07-11 20:50:48,Yes
453,金华市智慧轮玩具有限公司,15858908788,sales@enjoypuzzles.com; 1146059382@qq.com,在多个结果中不一致：‌1提到浙江省金华市婺城区秋滨街道石城街177号73幢5楼,是崔细林‌13,,,,2025-07-11 20:51:35,Yes
454,金华市智高彩泥有限公司,0579-89103690,,分歧：‌5和‌6都明确提到孝顺镇低田,代表任华明和相同,,,,2025-07-11 20:52:22,Yes
455,金华市小时候游乐设备厂,86-579-85289758,13757967019@139.com,浙江省金华市金东区孝顺镇低田功能区（金华市快特包装厂内）,王慧平,,,,2025-07-11 20:53:09,Yes
456,金华市启慧玩具厂,0579-82210606,info@qihuitoys.com; 3193814922@qq.com,"要统一采用最新工商注册的""彩虹路118号""版本",是何建权,,,,2025-07-11 20:53:56,Yes
457,金华市龙腾玩具有限公司,0579-8295,,在浙江金华市金东区付村镇祝家村北路38号,‌：朴太龙（同时,,,,2025-07-11 20:54:43,Yes
458,金华市海华日用品厂,0579-82952547,fu760818@yahoo.com,‌78提到市基盐埠头7号或8号的旧地址,‌：傅鸿星‌12,,,,2025-07-11 20:55:31,Yes
459,金华好之宝科技有限公司,86-579-88038088,,浙江省金华市永康市石柱镇永东村田畈林自然村吉祥路138号；可信度高,,,,,2025-07-11 20:56:18,Yes
460,金比尔贸易（深圳）有限公司,13392191389,acc01@kingbeetoys.com; 358300158@qq.com,的搜索结果（‌7、‌1、‌4等）都指向深圳市罗湖区南湖街道东门南路3002号华都园大厦26E,已变更为冯小翠,,,,2025-07-11 20:57:05,Yes
461,杰克仕美盛贸易(上海)有限公司,021-60856175,may.zhou@vistra.com,为中国(上海)自由贸易试验区基隆路55号11层1102室‌12,陈榕,,,,2025-07-11 20:57:52,Yes
462,揭阳市伟达微型电机有限公司,0663-8677121,,揭阳市伟达微型电机有限公司-企业工商信用信息,,,,,2025-07-11 20:58:39,Yes
463,揭阳市顺松玩具有限公司,13729480777,486652099@qq.com; 0377@vip.qq.com,"信息存在细微差异需要甄别：‌3和‌4明确提到""揭阳空港经济区溪南办事处天福东路西寨村路段""",代表为陈浩杰,,,,2025-07-11 20:59:27,Yes
464,揭阳市森立玩具厂,0663-8771382,,"表述统一为""广东省揭阳市空港经济区渔湖镇渔光社区厚和陈工业区（邮编522021）""最稳妥",/经营者）‌13,,,,2025-07-11 21:00:14,Yes
465,揭阳市榕城区六六玩具厂,0663-8673936,,‌：广东省揭阳市榕城区榕东东乡湖心路中段‌12,信息采用高时效的,,,,2025-07-11 21:01:01,Yes
466,揭阳市冠诺婴童用品有限公司,15089368064,15089368064@139.com,在揭阳市榕城区西马街西郊社区西关路204号烟草市场内C座13/204,信息很统一：‌1,,,,2025-07-11 21:01:48,Yes
467,揭阳市成峰玩具有限公司,0663-8331945,,在揭阳空港经济区溪南街道东寨村渡口路中段,为陈叙明,,,,2025-07-11 21:02:35,Yes
468,揭阳空港经济区顺松玩具有限公司,0663-8332878,,揭阳空港经济区溪南办事处天福东路西寨村路段,和销售联系人差异,,,,2025-07-11 21:03:23,Yes
469,揭西县灰寨镇亿娃乐玩具厂,,,是“揭西县灰寨镇河伍村委新坎塘村44号”,,,,,2025-07-11 21:04:10,Yes
470,江阴市大地人造草坪制造有限公司,13401363637,2510336616@qq.com,信息有矛盾：璜土镇镇北路4号‌47和永利路208号‌9,‌34,,,,2025-07-11 21:04:57,Yes
471,江阴飞繁乐器有限公司,15895387120,feifanyueqi@126.com; feifangyueqi@126.com,江阴市华士镇陆桥环村西路197号,李飞,,,,2025-07-11 21:05:44,Yes
472,江苏兴达文具集团有限公司,18501508088,jsxdwj@cnxingda.com.cn,信息：多个高可信度结果一致提到宜兴市周铁镇洋溪工业集中区（结果‌1、‌2）,,,,,2025-07-11 21:06:31,Yes
473,江苏万源人造草坪有限公司,0514-88625818,yzhouwenmei@126.com,信息所有来源均指向宝应县曹甸镇工业集中区三环路,‌：万宝祥,,,,2025-07-11 21:07:18,Yes
474,江苏明盛玩具有限公司,,,‌：江苏省扬州市宝应县曹甸镇工业集中区二环路 ‌12,是郑海滨‌12,,,,2025-07-11 21:08:06,Yes
475,江苏米奇妙教玩具集团有限公司,18012348000,miqimiao@mqmgroup.com,浦东新区康浦路51弄绿地浦汇广场2号楼302,,,,,2025-07-11 21:08:53,Yes
476,江苏金阳光游乐设备有限公司,15312800322,christina@jsgoldensunshine.com,"包含地址：""宝应县曹甸镇工业集中区""",,,,,2025-07-11 21:09:40,Yes
477,江苏金娃娃动漫产业有限公司,13776884063,2894917925@qq.com,在常州市钟楼区经济开发区玉龙南路178-1号,‌：袁小忠‌13,,,,2025-07-11 21:10:27,Yes
478,江苏嘉良文化传媒有限公司,2850581000,2850581000@qq.com,几乎所有可信度高的结果都显示为：南京市江宁区秣陵街道将军路6号‌12,信息值得注意：2,,,,2025-07-11 21:11:15,Yes
479,江苏宝乐实业有限公司,0514-88621988,qgnm@qq.com; baole@vip.163.com,为山东省青岛市胶南市海滨工业园华夏路312号,手机）‌5等,,,,2025-07-11 21:12:02,Yes
480,佳輝新創有限公司,,,但发现了几个名称相近的公司：嘉輝創建‌1、佳輝(香港)‌2和佳輝(亞洲)‌3,,,,,2025-07-11 21:12:49,Yes
481,佳诚塑胶玩具有限公司,2885613388,2885613388@qq.com,汕头市澄海区坝头兴达工业区扬峰楼‌5（或同源信息表述为“兴达工业区牛溪西侧”‌68）,‌：蔡易桦‌12,,,,2025-07-11 21:13:36,Yes
482,济宁瑞达玩具有限公司,0537-4438678,3113401242@qq.com; 1342@163.com; 1979@163.com,在所有资料中都很统一：山东省济宁市曲阜市静轩东路236号‌13,代表王光伍的信息,,,,2025-07-11 21:14:24,Yes
483,济南爱动动漫科技有限公司,0531-88681521,idoon@idoontoys.com,山东省济南市高新区新泺大街1166号奥盛大厦2号楼2533,信息,,,,2025-07-11 21:15:11,Yes
484,集芳塑胶(玩具)制品有限公司,0595-88158588,,最高可信度的信息来自企业信用平台记录‌1,叫李拥军,,,,2025-07-11 21:15:58,Yes
485,济南欧贝儿礼品有限公司,0531-85960009,2652884490@qq.com,山东济南市槐荫区张庄路龙腾国际花园6号楼1单元2301室,代表,,,,2025-07-11 21:16:45,Yes
486,集多美贸易(深圳)有限公司,0755-82529092,jiaochen@szjdm.com.cn; jdm@szjdm.com.cn,所有可信来源都指向深圳市福田区海松大厦A座703,‌：林佩君‌6,,,,2025-07-11 21:17:32,Yes
487,吉安螃蟹王国科技有限公司,0796-8613139,daizhijun@dingtalk.com; 15879617627@126.com; 3229953799@qq.com,"信息：搜索结果‌4、‌1、‌2都提到公司地址是""江西省吉安市井冈山经济技术开发区庐陵大道101号众创孵化大厦综合体办公楼9楼""",,,,,2025-07-11 21:18:20,Yes
488,惠州顺泰玩具有限公司,18928375768,ctlimanai@163.com; marty@ct-toy.com.hk,"信息：‌1提到福田镇依岗村；‌3补充了博罗县这个细节；最完整的是‌5给出的""惠州市博罗县福田镇广汕路依岗村福中路259号""",,,,,2025-07-11 21:19:07,Yes
489,Toytron Co Ltd,,,"翻看搜索结果时发现几个关键点：‌1提到""特易玩具(香港)有限公司""的英文名是Troy Toy (HK) Co.",,,,,2025-07-11 21:19:54,Yes
490,Thirdstage,,,未直接找到名为“Thirdstage”的机构或企业的联络资料,,,,,2025-07-11 21:20:41,Yes
491,Starplast Industries (1967) Ltd,,,传真号码的以色列区号972和Haifa地址都验证了信息的可信度,,,,,2025-07-11 21:21:28,Yes
492,SM Co Ltd,0755-86100786,,‌：上海市长宁区中山西路1277号海螺大厦一号楼603室 ‌23,都是同一个人‌4,,,,2025-07-11 21:22:16,Yes
493,Scentco Inc.,0852-24551000,,可能是：0852-24551000（这看起来像电话号码）,,,,,2025-07-11 21:23:03,Yes
494,Popar,,,为广西南宁市隆安县那桐镇福南路6号‌4,,,,,2025-07-11 21:23:50,Yes
495,"PLAN CREATIONS CO., LTD",+32475758493,,这里有个疑问：为什么泰国公司会有比利时区号的电话？可能是国际业务联系方式,,,,,2025-07-11 21:24:37,Yes
496,OID MAGIC,,,‌：香港中环干诺道133号盟邦商业中心802室（RM 802 ALLIANCE BLDG 133 CONNAUGHT RD CENTRAL HON,,,,,2025-07-11 21:25:24,Yes
497,Livheart中国事务所&南京樱之铭纺织有限公司,025-85866416,,信息则完全统一：建邺区嘉陵江东街8号B3幢1单元15层‌23,,,,,2025-07-11 21:26:11,Yes
498,LATEX OCCIDENTAL EXPORTADORA SA DE CV,+1-855-374-1199,,该公司有哪些主要产品？如何联系LATEX OCCIDENTAL EXPORTADORA SA DE CV？LATEX OCCIDENTAL EXPORTADORA SA DE CV的官方网站是什么？,,,,,2025-07-11 21:26:58,Yes
499,LAP-BIELLA,13370032884,,上海市嘉定区曹安公路2038号华拓大厦410室,,,,,2025-07-11 21:27:46,Yes
500,IZone Co Ltd,82-7043226536,,"明确到""上海市石龙路345弄春天商务楼""",,,,,2025-07-11 21:28:33,Yes
501,IMC TOYS,31072020,alex@imc-hk.net; kingwang@changlitoys.com,在尖沙咀么地道77号华懋金殿广场1210室,,,,,2025-07-11 21:29:20,Yes
502,"Gymworld Co,.Ltd",2-67142252,,在上海市闵行区虹莘路3998号7楼701室,,,,,2025-07-11 21:30:07,Yes
503,Guidecraft Inc. USA,,,出现在搜索结果中：上海市浦东新金桥路58号16E‌3,,,,,2025-07-11 21:30:55,Yes
504,EDTOY,0769-82211986,edytino@163.com,北京市海淀区阜石路69号碧桐园8号楼,,,,,2025-07-11 21:31:42,Yes
505,Asia Inspection Ltd.,852-53971914,aihr@asiainspection.com,广州市白云区广园中路218号1楼,,,,,2025-07-11 21:32:29,Yes
